name,image,calories,protein,carbs,fats,summary,key,Freezer Meals,Pressure Cooker Recipes,Keto Recipes,Vegetarian Meals,Low Carb,Meal Prep Recipes,Gluten Free,Paleo,Slow Cooker Recipes,Air Fryer,Under 30 Minutes,Whole 30 Recipes,Dairy Free,Kid Friendly,kitchen,link,W
Chicken Piccata,https://www.skinnytaste.com/wp-content/uploads/2010/05/Chicken-Piccata-8-260x390.jpg,262.0,30.0,11.5,9.5,Chicken Piccata is an Italian chicken dish made with pounded chicken breast in a lemon-wine butter sauce with capers and parsley. Chicken Piccata If you’re looking for more ways...,"Air Fryer,Kid Friendly,Under 30 Minutes",0,0,0,0,0,0,0,0,0,1,1,0,0,1,italian,http://www.skinnytaste.com/chicken-piccata/,0
Colombian Chicken Sancocho (Sancocho de Pollo),https://www.skinnytaste.com/wp-content/uploads/2008/11/chicken-sancocho-10-260x390.jpg,405.0,34.0,41.0,8.0,"Sancocho de Pollo, a hearty soup almost like a stew, is a traditional dish in the Antioquia region of Colombia that combines potatoes, yuca, corn, plantains, and chicken. Colombian...","Dairy Free,Freezer Meals,Gluten Free,Kid Friendly",1,0,0,0,0,0,1,0,0,0,0,0,1,1,american,http://www.skinnytaste.com/colombian-chicken-sancocho-sancocho-de/,0
Mushroom-Spinach Scrambled Eggs,https://www.skinnytaste.com/wp-content/uploads/2022/01/Mushroom-Spinach-Scrambled-Eggs-6-260x390.jpg,271.0,21.5,10.0,17.0,"Mushroom-Spinach Scrambled Eggs is one of my go-to quick and easy vegetarian, high-protein breakfast recipes. Mushroom-Spinach Scrambled Eggs This quick breakfast scramble for one is high in protein and...","Dairy Free,Gluten Free,Keto Recipes,Kid Friendly,Low Carb,Under 30 Minutes,Vegetarian Meals,Whole 30 Recipes",0,0,1,1,1,0,1,0,0,0,1,1,1,1,american,http://www.skinnytaste.com/mushroom-spinach-scrambled-eggs/,0
Baked Chicken Breasts,https://www.skinnytaste.com/wp-content/uploads/2022/01/Baked-Chicken-Breast-with-Panko-Parmesan-Crumb-Topping-5-260x390.jpg,271.0,40.0,5.0,9.0,"A perfect, juicy Baked Chicken Breast recipe topped with crispy panko-parmesan crumbs are flavorful and delicious! Baked Chicken Breasts The secret to making these Baked Chicken Breasts super juicy...","Gluten Free,Kid Friendly",0,0,0,0,0,0,1,0,0,0,0,0,0,1,american,http://www.skinnytaste.com/baked-chicken-breasts-with-rosemary/,0
Tuna Egg Salad,https://www.skinnytaste.com/wp-content/uploads/2021/11/Tuna-Egg-Salad-2-260x390.jpg,316.0,30.0,4.0,20.0,Tuna Egg Salad is my go-to high-protein lunch when I need something quick – it takes about 15 minutes to make and can be meal prepped ahead. Tuna Egg...,"Dairy Free,Gluten Free,Keto Recipes,Low Carb,Meal Prep Recipes,Under 30 Minutes,Whole 30 Recipes",0,0,1,0,1,1,1,0,0,0,1,1,1,0,mediterranean,http://www.skinnytaste.com/tuna-egg-salad-lettuce-cups/,0
Spaghetti Squash Crust Pizza,https://www.skinnytaste.com/wp-content/uploads/2022/01/Spaghetti-Squash-Pizza-Crust-9-260x390.jpg,303.0,28.0,18.0,17.0,This low-carb Spaghetti Squash Crust Pizza is the only way I can get my husband to eat spaghetti squash – it’s that delicious! Spaghetti Squash Crust Pizza This Spaghetti...,"Gluten Free,Keto Recipes,Kid Friendly,Low Carb,Vegetarian Meals",0,0,1,1,1,0,1,0,0,0,0,0,0,1,italian,http://www.skinnytaste.com/spaghetti-squash-crust-pizza/,0
Healthy 3-Ingredient Banana Oatmeal Cookies,https://www.skinnytaste.com/wp-content/uploads/2013/02/Healthy-Cookies-9-260x390.jpg,93.0,2.0,15.0,3.5,"These Healthy 3-Ingredient Banana Oatmeal Cookies are so easy, perfect for using up those rip bananas sitting on your counter!! 3-Ingredient Banana Oatmeal Cookies Let’s not mistake these healthy...","Dairy Free,Gluten Free,Kid Friendly,Under 30 Minutes,Vegetarian Meals",0,0,0,1,0,0,1,0,0,0,1,0,1,1,dessert,http://www.skinnytaste.com/3-ingredient-banana-oatmeal-cookies/,0
"Black-Eyed Peas with Leftover Ham, Collard Greens and Cabbage",https://www.skinnytaste.com/wp-content/uploads/2021/12/Black-Eyed-Peas-with-Leftover-Ham-Bone-Collard-Greens-and-Cabbage-7-260x390.jpg,320.0,19.0,50.0,6.0,"Black-Eyed Peas with Leftover Ham, Collard Greens & Cabbage is a great stew to ring in the new year!! Black-Eyed Peas with Ham This easy black-eye pea recipe that...",Dairy Free,0,0,0,0,0,0,0,0,0,0,0,0,1,0,american,http://www.skinnytaste.com/black-eyed-peas-with-leftover-ham-collard-greens-and-cabbage/,0
Sausage and Broccoli Rabe Egg Rolls (Air Fryer or Oven),https://www.skinnytaste.com/wp-content/uploads/2021/12/Sausage-and-Broccoli-Rabe-Egg-Rolls-1-4-260x390.jpg,136.0,10.0,15.0,3.5,These Italian inspired Chicken Sausage and Broccoli Rabe Egg Rolls make a delicious appetizer for the holidays! Sausage and Broccoli Rabe Egg Rolls We love a traditional egg roll...,"Air Fryer,Kid Friendly,Under 30 Minutes",0,0,0,0,0,0,0,0,0,1,1,0,0,1,italian,http://www.skinnytaste.com/sausage-and-broccoli-rabe-egg-rolls/,0
Chilled Calamari Salad with Lemon and Parsley,https://www.skinnytaste.com/wp-content/uploads/2011/06/Chilled-Calamari-Salad-5-260x390.jpg,122.0,18.0,8.0,2.0,"A light refreshing calamari salad made with squid, fresh lemon, celery, red onion, roasted peppers, garlic and parsley. Calamari Salad with Lemon and Parsley This chilled calamari salad is...","Dairy Free,Gluten Free,Keto Recipes,Kid Friendly,Low Carb,Whole 30 Recipes",0,0,1,0,1,0,1,0,0,0,0,1,1,1,mediterranean,http://www.skinnytaste.com/chilled-calamari-salad-with-lemon-and-parsley/,0
Drunken Mussels,https://www.skinnytaste.com/wp-content/uploads/2021/12/Drunken-Mussels-7-260x390.jpg,307.0,29.0,11.0,12.0,"These Drunken Mussels cook in a quick and easy, garlicky white wine-broth sauce with anchovies for ultimate flavor. Drunken Mussels I love these mussels, especially when prepared with lots...","Dairy Free,Kid Friendly,Low Carb,Under 30 Minutes",0,0,0,0,1,0,0,0,0,0,1,0,1,1,mediterranean,http://www.skinnytaste.com/mussels-in-white-wine-sauce/,0
Baked Oatmeal with Blueberries and Bananas,https://www.skinnytaste.com/wp-content/uploads/2012/01/Baked-Oatmeal-with-Blueberries-and-Bananas-8-260x390.jpg,211.0,5.5,38.0,5.5,"This is the BEST Baked Oatmeal recipe with Blueberries and Bananas. It’s perfect to serve guests for breakfast, brunch, or make it ahead for the week for easy meal...","Gluten Free,Kid Friendly,Vegetarian Meals",0,0,0,1,0,0,1,0,0,0,0,0,0,1,american,http://www.skinnytaste.com/baked-oatmeal-with-blueberries-and-bananas/,0
Scallops over Wilted Spinach Parmesan Risotto,https://www.skinnytaste.com/wp-content/uploads/2009/05/Scallops-Over-Wilted-Spinach-Parmesan-Risotto_1-3-260x390.jpg,481.0,23.5,16.0,17.0,These seared sea Scallops Over Wilted Spinach and Parmesan Risotto is easy enough for weeknight cooking or perfect for a special occasion. Scallops over Spinach Parmesan Risotto These Scallops...,Gluten Free,0,0,0,0,0,0,1,0,0,0,0,0,0,0,italian,http://www.skinnytaste.com/scallops-over-wilted-spinach-parmesan/,0
Paprika Smashed Potatoes,https://www.skinnytaste.com/wp-content/uploads/2021/11/Paprika-Smashed-Potatoes-9-260x390.jpg,135.0,2.5,20.5,5.0,"These smashed potatoes, seasoned with paprika, garlic powder, and black pepper, are tender on the inside and crisp on the outside – a delicious side dish for any meal....","Dairy Free,Gluten Free,Kid Friendly,Vegetarian Meals,Whole 30 Recipes",0,0,0,1,0,0,1,0,0,0,0,1,1,1,american,http://www.skinnytaste.com/paprika-smashed-potatoes/,0
Garlic Shrimp,https://www.skinnytaste.com/wp-content/uploads/2010/01/Garlic-Shrimp-4-260x390.jpg,154.0,20.0,3.0,6.5,"This simple Garlic Shrimp recipe, inspired by the flavors of Spain takes just minutes to make and it’s so flavorful, a weeknight dinner win! Garlic Shrimp This recipe is...","Dairy Free,Gluten Free,Keto Recipes,Kid Friendly,Low Carb,Paleo,Under 30 Minutes,Whole 30 Recipes",0,0,1,0,1,0,1,1,0,0,1,1,1,1,mediterranean,http://www.skinnytaste.com/garlic-shrimp-with-tomatoes-and-cream/,0
Spaghetti Squash Sausage Lasagna Boats,https://www.skinnytaste.com/wp-content/uploads/2015/12/Spaghetti-Squash-Sausage-Lasagna-Boats-6-260x390.jpg,246.0,17.0,17.0,13.0,"Spaghetti Squash Lasagna Boats starts with roasted spaghetti squash filled with chicken sausage, tomato sauce, ricotta, Parmesan, and mozzarella cheese. Spaghetti Squash Sausage Lasagna Boats What do you put...","Gluten Free,Low Carb",0,0,0,0,1,0,1,0,0,0,0,0,0,0,italian,http://www.skinnytaste.com/spaghetti-squash-sausage-lasagna-boats/,0
Waffled Vegetable Latkes,https://www.skinnytaste.com/wp-content/uploads/2017/12/Veggie-Latkes-1-12-260x390.jpg,205.0,9.0,35.0,4.0,"These Vegetable Latkes, are not your traditional latkes, they’re made with shredded potatoes and a mix of carrots, zucchini and bell pepper, PLUS they’re cooked in a waffle iron...","Dairy Free,Gluten Free,Kid Friendly,Under 30 Minutes,Vegetarian Meals",0,0,0,1,0,0,1,0,0,0,1,0,1,1,american,http://www.skinnytaste.com/waffled-vegetable-latkes/,0
Herb and Salt-Rubbed Dry Brine Turkey,https://www.skinnytaste.com/wp-content/uploads/2019/11/dry-brine-turkey-9-260x390.jpg,225.0,45.5,,3.5,"This Herb and Salt-Rubbed Dry Brined Turkey comes out so moist and flavorful, with crispy golden skin and juicy tender meat. Herb and Salt-Rubbed Dry Brine Turkey Want an...","Dairy Free,Gluten Free,Keto Recipes,Kid Friendly,Low Carb,Whole 30 Recipes",0,0,1,0,1,0,1,0,0,0,0,1,1,1,american,http://www.skinnytaste.com/herb-and-salt-rubbed-dry-brine-turkey/,0
"Baked Pumpkin Pasta with Pancetta, Gruyere, Kale, and White Beans",https://www.skinnytaste.com/wp-content/uploads/2021/11/Pumpkin-Pasta-with-Kale-12-260x390.jpg,473.0,25.5,66.5,13.5,"This Baked Pumpkin Pasta is made with pancetta, kale, and white beans and topped with gruyere and panko crumbs. Baked Pumpkin Pasta This healthy baked pumpkin pasta bake is...",Gluten Free,0,0,0,0,0,0,1,0,0,0,0,0,0,0,italian,http://www.skinnytaste.com/baked-pumpkin-pasta-with-pancetta/,0
"Mom’s Stuffing, Lightened Up",https://www.skinnytaste.com/wp-content/uploads/2010/11/Mom_s-Stuffing-Lightened-Up-6-260x390.jpg,161.0,7.0,23.0,5.0,"My Mom makes the BEST Thanksgiving stuffing, it’s the one thing I crave every year more than the turkey! This recipe has been remade like Mom’s, only just a...",,0,0,0,0,0,0,0,0,0,0,0,0,0,1,american,http://www.skinnytaste.com/moms-stuffing-lightened-up/,0
Makeover Spinach Gratin,https://www.skinnytaste.com/wp-content/uploads/2017/11/Makeover-Spinach-Gratin-10-260x390.jpg,111.0,7.7,9.2,5.5,"This easy makeover Spinach Gratin is creamy and decadent, with a hint of nutmeg baked in the oven topped with melted Gruyere cheese for a must at your Holiday...","Gluten Free,Kid Friendly,Low Carb,Vegetarian Meals",0,0,0,1,1,0,1,0,0,0,0,0,0,1,french,http://www.skinnytaste.com/makeover-spinach-gratin/,0
Roasted Green Beans with Caramelized Onions,https://www.skinnytaste.com/wp-content/uploads/2021/11/Green-Beans-with-Caramelized-Onions-6-260x390.jpg,102.0,3.5,19.0,2.5,This simple side dish of Roasted Green Beans with Caramelized Onions pairs wonderfully with Thanksgiving turkey or roasted chicken. Green Beans with Caramelized Onions This Roasted Green Bean recipe...,"Dairy Free,Gluten Free,Vegetarian Meals,Whole 30 Recipes",0,0,0,1,0,0,1,0,0,0,0,1,1,0,american,http://www.skinnytaste.com/roasted-green-beans-with-caramelized-onions/,0
Turkey Pot Pie with Sweet Potato Topping,https://www.skinnytaste.com/wp-content/uploads/2021/11/Turkey-Mashed-Potato-Pot-Pie-9-260x390.jpg,337.0,37.5,33.0,6.5,This Turkey Pot Pie with Sweet Potato Topping screams comfort food! A delicious way to use up your Thanksgiving leftovers. Turkey Pot Pie with Sweet Potato Topping As a...,"Gluten Free,Kid Friendly",0,0,0,0,0,0,1,0,0,0,0,0,0,1,american,http://www.skinnytaste.com/turkey-pot-pie-with-sweet-potato-topping/,0
Sautéed Shredded Brussels Sprouts with Pancetta,https://www.skinnytaste.com/wp-content/uploads/2011/11/shredded-brussels-sprouts-with-pancetta-1-5-260x390.jpg,87.0,3.5,9.5,4.0,"Sautéed Shredded Brussels Sprouts with Pancetta is the best Brussel sprout recipe! Lightly pan fried until slightly browned on the edges, it’s my favorite way to cook and eat...","Dairy Free,Gluten Free,Keto Recipes,Kid Friendly,Low Carb,Paleo,Under 30 Minutes",0,0,1,0,1,0,1,1,0,0,1,0,1,1,italian,http://www.skinnytaste.com/2013/03/sautaed-shredded-brussels-sprouts-withhtml,0
Chicken and Broccoli Noodle Casserole,https://www.skinnytaste.com/wp-content/uploads/2012/02/Chicken-and-Broccoli-Noodle-Casserole-8-260x390.jpg,313.0,27.0,31.0,10.0,"Chicken and Broccoli Noodle Casserole is sure to be a family crowd pleasure for weeknight dinner, even those with picky palates. Chicken and Broccoli Noodle Casserole This dish is...",Kid Friendly,0,0,0,0,0,0,0,0,0,0,0,0,0,1,american,http://www.skinnytaste.com/chicken-and-broccoli-noodle-casserole/,0
Baked Brie Phyllo Cups with Craisins and Walnuts,https://www.skinnytaste.com/wp-content/uploads/2012/11/Baked-Brie-Phyllo-Cups-with-Craisins-and-Walnuts-7-260x390.jpg,60.0,2.0,6.5,3.0,"Easy baked brie in mini phyllo cups topped with craisins, walnuts and honey. Delicious bite-sized appetizers, perfect for the Holidays! Baked Brie Phyllo Cups If you need a quick...","Under 30 Minutes,Vegetarian Meals",0,0,0,1,0,0,0,0,0,0,1,0,0,0,french,http://www.skinnytaste.com/baked-brie-phyllo-cups-with-craisins/,0
Arugula Salmon Salad with Capers and Shaved Parmesan,https://www.skinnytaste.com/wp-content/uploads/2012/05/Arugula-Salmon-Salad-with-Capers-and-Shaved-Parmesan-260x377.jpg,288.0,32.6,2.1,16.1,"Whenever I make salmon for dinner, I usually cook an extra piece for lunch just to make this arugula salmon salad with capers and shaved Parmesan – so good...","Gluten Free,Keto Recipes,Low Carb,Under 30 Minutes",0,0,1,0,1,0,1,0,0,0,1,0,0,0,mediterranean,http://www.skinnytaste.com/arugula-salmon-salad-with-capers-and/,0
Chicken Cassoulet with Sausage and Swiss Chard,https://www.skinnytaste.com/wp-content/uploads/2021/11/Chicken-Sausage-Swiss-Chard-Cassoulet-6-260x390.jpg,417.0,34.0,45.5,10.5,Chicken Cassoulet with Sausage and Swiss Chard is a hearty meat and white bean stew made lighter than the classic. Chicken Cassoulet Traditionally made with rich pork sausage and...,"Dairy Free,Freezer Meals,Gluten Free",1,0,0,0,0,0,1,0,0,0,0,0,1,0,french,http://www.skinnytaste.com/chicken-cassoulet-with-sausage-and/,0
Roasted Acorn Squash with Brown Sugar,https://www.skinnytaste.com/wp-content/uploads/2017/10/Roasted-Acorn-Squash-with-Brown-Sugar-6-260x390.jpg,143.0,1.5,34.5,2.5,"Roasted acorn squash with brown sugar, butter and cinnamon is a perfect fall side dish or great Thanksgiving side and so easy to prepare. Roasted Acorn Squash with Brown...","Dairy Free,Gluten Free,Vegetarian Meals",0,0,0,1,0,0,1,0,0,0,0,0,1,0,american,http://www.skinnytaste.com/roasted-acorn-squash-with-brown-sugar/,0
Drunken Style Noodles with Shrimp,https://www.skinnytaste.com/wp-content/uploads/2021/10/Drunken-Style-Noodles-with-Shrimp-9-260x390.jpg,487.0,35.0,59.5,11.0,"This Drunken Style Noodles with Shrimp recipe is inspired by the popular Thai street food pad kee mao, or “drunken noodles.” Drunken Noodles with Shrimp The flavor of these...","Dairy Free,Gluten Free",0,0,0,0,0,0,1,0,0,0,0,0,1,0,asian,http://www.skinnytaste.com/drunken-style-noodles-with-shrimp/,0
Turkey Cutlets with Parmesan Crust,https://www.skinnytaste.com/wp-content/uploads/2015/11/Turkey-Cutlets-with-Parmesan-Crust-8-260x390.jpg,196.0,29.0,7.0,6.0,"These golden, crisp Turkey Cutlets with Parmesan Crust, pan-fried or air-fried, are a quick weeknight dish the whole family will love! Turkey Cutlets with Parmesan Crust These breaded Parmesan-Crusted...","Kid Friendly,Under 30 Minutes",0,0,0,0,0,0,0,0,0,0,1,0,0,1,italian,http://www.skinnytaste.com/turkey-cutlets-with-parmesan-crust/,0
Huevos Rancheros,https://www.skinnytaste.com/wp-content/uploads/2013/04/Huevos-Rancheros-6-260x390.jpg,414.0,22.5,42.0,18.5,"Huevos rancheros (or rancher’s eggs) are a typical breakfast served at Mexican farms, featuring corn tortillas topped with fried eggs and salsa. Huevos Rancheros These Huevos Rancheros are the...","Gluten Free,Under 30 Minutes,Vegetarian Meals",0,0,0,1,0,0,1,0,0,0,1,0,0,0,american,http://www.skinnytaste.com/huevos-rancheros/,0
Butternut Squash Ravioli with Sage Butter,https://www.skinnytaste.com/wp-content/uploads/2021/10/Butternut-Squash-Ravioli-with-Sage-Butter-9-260x390.jpg,355.0,11.5,46.5,14.5,"An easy butternut squash ravioli recipe made with wonton wrappers – the perfect shortcut instead of making your own pasta. They are delicate and light, perfect in a sage...",Vegetarian Meals,0,0,0,1,0,0,0,0,0,0,0,0,0,0,italian,http://www.skinnytaste.com/butternut-squash-ravioli-with-sage-butter/,0
Easy Black Bean Vegetarian Chili with Spiced Yogurt,https://www.skinnytaste.com/wp-content/uploads/2021/09/Easy-Black-Bean-Vegetarian-Chili-20-260x390.jpg,264.0,14.5,44.5,4.5,This Easy Black Bean Vegetarian Chili topped with Spiced Yogurt takes about 20 minutes to cook but tastes like it simmered for hours. Black Bean Vegetarian Chili with Spiced...,"Gluten Free,Kid Friendly,Under 30 Minutes,Vegetarian Meals",0,0,0,1,0,0,1,0,0,0,1,0,0,1,american,http://www.skinnytaste.com/slow-cooker-black-bean-chili/,0
Air Fryer Chicken Milanese with Mediterranean Salad,https://www.skinnytaste.com/wp-content/uploads/2021/09/Air-Fryer-Chicken-Milanese-8-260x390.jpg,562.0,63.0,28.5,21.0,"This crispy Air Fryer Breaded Chicken Breast is topped with a Mediterranean Salad of tomatoes, red onion, romaine lettuce, and grated Feta cheese – so good! Air Fryer Mediterranean...","Air Fryer,Gluten Free,Under 30 Minutes",0,0,0,0,0,0,1,0,0,1,1,0,0,0,mediterranean,http://www.skinnytaste.com/air-fryer-chicken-milanese-with-mediterranean-salad/,0
Apple Cobbler,https://www.skinnytaste.com/wp-content/uploads/2011/10/Skinny-Apple-Cobbler-12-260x390.jpg,215.0,1.5,44.5,4.0,"Apple Cobbler made with warm cinnamon apples and a golden cobbler crust. Top it with whipped topping or yogurt, the perfect fall dessert! Apple Cobbler Apple Cobbler is one...",Vegetarian Meals,0,0,0,1,0,0,0,0,0,0,0,0,0,0,dessert,http://www.skinnytaste.com/apple-cobbler-with-oatmeal-crumb-topping/,0
Salisbury Steak with Mushroom Gravy,https://www.skinnytaste.com/wp-content/uploads/2012/01/Skinny-Salisbury-Steak-with-Mushrooms-6-260x390.jpg,247.0,27.0,10.5,11.0,This classic Salisbury Steak recipe is smothered in mushroom gravy and ready in under 30 minutes! Salisbury Steak Lean ground beef and turkey are combined to lighten up this...,"Dairy Free,Freezer Meals,Kid Friendly,Low Carb,Under 30 Minutes",1,0,0,0,1,0,0,0,0,0,1,0,1,1,american,http://www.skinnytaste.com/salisbury-steak-with-mushroom-gravy/,0
Tofu Stir Fry with Vegetables in a Soy Sesame Sauce,https://www.skinnytaste.com/wp-content/uploads/2021/09/Tofu-Stir-Fry-8-260x390.jpg,294.0,18.5,21.5,16.0,This quick and easy Sesame Soy Tofu Stir Fry is loaded with fresh and colorful vegetables and plant-based protein. Tofu Stir Fry This simple Tofu Veggie Stir Fry turned...,"Dairy Free,Gluten Free,Under 30 Minutes,Vegetarian Meals",0,0,0,1,0,0,1,0,0,0,1,0,1,0,asian,http://www.skinnytaste.com/tofu-stir-fry-with-vegetables-in-a/,0
Pumpkin Cream Cheese Muffins,https://www.skinnytaste.com/wp-content/uploads/2019/10/Pumpkin-Cream-Cheese-Muffins-5-260x390.jpg,170.0,3.5,25.0,6.0,"Pumpkin Cream Cheese Muffins are moist, delicious and perfectly spiced! A delicious fall breakfast made with canned pumpkin, pumpkin spice and a cream cheese swirl topping. Pumpkin Cream Cheese...","Freezer Meals,Kid Friendly,Vegetarian Meals",1,0,0,1,0,0,0,0,0,0,0,0,0,1,american,http://www.skinnytaste.com/skinny-mini-pumpkin-cream-cheese/,0
Autumn Apple and Grape Medley (Fruit Salad),https://www.skinnytaste.com/wp-content/uploads/2011/09/Autumn-Apple-and-Grape-Medley-4-260x390.jpg,209.0,6.0,36.0,8.5,"Sweet, crunchy apples and grapes in a creamy yogurt and cream cheese sauce topped with crushed walnuts and brown sugar are the perfect fall treat or dessert. Autumn Apple...","Gluten Free,Kid Friendly,Under 30 Minutes,Vegetarian Meals",0,0,0,1,0,0,1,0,0,0,1,0,0,1,dessert,http://www.skinnytaste.com/autumn-apple-and-grape-medley-fruit/,0
Pumpkin Pie Overnight Oats,https://www.skinnytaste.com/wp-content/uploads/2012/09/Skinny-Pumpkin-Overnight-Oats-9-260x390.jpg,269.0,10.0,40.5,12.0,"Pumpkin Pie Overnight Oats is a healthy plant-based breakfast made with my homemade pumpkin butter, oat milk, chia and spices, refrigerated overnight and topped with banana and nuts/seeds. No...","Dairy Free,Gluten Free,Kid Friendly,Vegetarian Meals",0,0,0,1,0,0,1,0,0,0,0,0,1,1,american,http://www.skinnytaste.com/pumpkin-pie-overnight-oats/,0
Chicken Cutlet Caprese Salad,https://www.skinnytaste.com/wp-content/uploads/2021/09/Chicken-Cutlet-Caprese-Salad-7-260x390.jpg,462.0,45.5,14.5,24.0,"Chicken Cutlet Caprese Salad takes advantage of end-of-summer heirloom tomatoes with lightly pan-fried chicken cutlets, fresh mozzarella, and basil. Chicken Cutlet Caprese Salad This Chicken Cutlet Caprese Salad is...","Gluten Free,Meal Prep Recipes",0,0,0,0,0,1,1,0,0,0,0,0,0,0,italian,http://www.skinnytaste.com/chicken-cutlet-caprese-salad/,0
Strawberry Cheesecake Dip,https://www.skinnytaste.com/wp-content/uploads/2021/09/Strawberry-Cheesecake-Dip-10-260x390.jpg,103.0,3.5,16.5,3.0,"Strawberry Cheesecake Dip tastes just like cheesecake in dip form – perfect for serving with fresh fruit or graham crackers. Strawberry Cheesecake Dip With Madison back in school, I’ve...","Gluten Free,Kid Friendly,Under 30 Minutes",0,0,0,0,0,0,1,0,0,0,1,0,0,1,dessert,http://www.skinnytaste.com/strawberry-cheesecake-dip/,0
Beef Stew with Pumpkin,https://www.skinnytaste.com/wp-content/uploads/2021/09/Beef-Stew-with-Pumpkin-8-260x390.jpg,600.0,46.0,16.0,39.0,This hearty beef stew cooks low and slow on the stove with pumpkin (or butternut/acorn squash) added when the beef is tender. Serve with crusty bread to soak up...,"Dairy Free,Freezer Meals,Kid Friendly,Pressure Cooker Recipes,Slow Cooker Recipes",1,1,0,0,0,0,0,0,1,0,0,0,1,1,american,http://www.skinnytaste.com/beef-stew-with-pumpkin-and-black-beans/,0
Chicken Romano Meatballs,https://www.skinnytaste.com/wp-content/uploads/2021/09/Chicken-Romano-Meatballs-9-260x390.jpg,295.0,26.0,16.0,13.0,"These flavor-packed Chicken Romano Meatballs stuffed with Romano cheese, herbs, and garlic are topped with a lemony white wine pan sauce. Chicken Romano Meatballs These Chicken Roman Meatballs take...",Gluten Free,0,0,0,0,0,0,1,0,0,0,0,0,0,0,italian,http://www.skinnytaste.com/chicken-romano-meatballs/,0
Chicken Cacciatore,https://www.skinnytaste.com/wp-content/uploads/2008/06/Chicken-Cacciatore-3-260x390.jpg,288.0,22.5,43.0,4.5,"Chicken Cacciatore is a rustic Italian chicken dish made with bell peppers and mushrooms simmered in tomato sauce. Chicken Cacciatore It’s great over pasta, polenta or mashed potatoes. This...","Freezer Meals,Kid Friendly",1,0,0,0,0,0,0,0,0,0,0,0,0,1,italian,http://www.skinnytaste.com/chicken-cacciatore/,0
Summer Vegetables with Sausage and Potatoes Skillet (One Pot),https://www.skinnytaste.com/wp-content/uploads/2012/07/Summer-Vegetables-with-Sausage-and-Potatoes-7-260x390.jpg,307.0,21.0,33.5,10.5,"This easy one-pot skillet dinner is made with chicken sausage, bell peppers, zucchini, baby red potatoes and fresh herbs. Summer Vegetables with Sausage and Potatoes I love a meal...","Dairy Free,Gluten Free,Kid Friendly,Whole 30 Recipes",0,0,0,0,0,0,1,0,0,0,0,1,1,1,mediterranean,http://www.skinnytaste.com/summer-vegetables-sausage-and-potatoes/,0
Cilantro Lime Chicken Breast (Grilled or Air Fryer),https://www.skinnytaste.com/wp-content/uploads/2021/08/Cilantro-Lime-Chicken-Breast-5-260x390.jpg,217.0,38.5,0.5,5.5,"Cilantro Lime Chicken Breast is marinated in olive oil, lime juice, lime zest, garlic, and cilantro and cooked in the air fryer or on the grill/grill pan. Cilantro Lime...","Air Fryer,Dairy Free,Gluten Free,Low Carb",0,0,0,0,1,0,1,0,0,1,0,0,1,0,american,http://www.skinnytaste.com/cilantro-lime-chicken-breast/,0
Spicy Sriracha Tofu Rice Bowls (Air Fryer or Oven),https://www.skinnytaste.com/wp-content/uploads/2021/08/Spicy-Sriracha-Tofu-Rice-Bowls-11-260x390.jpg,453.0,29.0,38.0,20.0,These Spicy Sriracha Tofu Rice Bowls (air fryer or oven directions) make a flavorful protein-packed meatless meal that comes together quickly! Sriracha Tofu Rice Bowls If you like spicy...,"Air Fryer,Dairy Free,Gluten Free,Under 30 Minutes,Vegetarian Meals",0,0,0,1,0,0,1,0,0,1,1,0,1,0,asian,http://www.skinnytaste.com/spicy-sriracha-tofu-rice-bowls-air-fryer-or/,0
Banana Nut Protein Oats,https://www.skinnytaste.com/wp-content/uploads/2021/08/Banana-Nut-Protein-Oats-7-260x390.jpg,388.0,18.5,63.5,9.0,"This protein-packed bowl of oatmeal, sweetened with ripe banana and just a touch of maple syrup, uses vanilla protein shake, egg whites to add more protein and make the...","Gluten Free,Under 30 Minutes,Vegetarian Meals",0,0,0,1,0,0,1,0,0,0,1,0,0,0,american,http://www.skinnytaste.com/banana-nut-protein-oats/,0
Sausage Pepper and Onion Stromboli (Stuffed Sausage Bread),https://www.skinnytaste.com/wp-content/uploads/2021/08/Spicy-Sausage-and-Pepper-Bread-11-260x390.jpg,272.0,12.5,43.5,5.5,"Sausage, Pepper and Onion Stromboli (Stuffed Sausage Bread) stuffed with Italian chicken sausage, peppers, onions, pomodoro and mozzarella. Sausage Pepper and Onion Stromboli This sausage and pepper bread is...",Kid Friendly,0,0,0,0,0,0,0,0,0,0,0,0,0,1,italian,http://www.skinnytaste.com/sausage-pepper-and-onion-stromboli-stuffed/#,0
Oven Fried Chicken (Air Fryer Fried Chicken),https://www.skinnytaste.com/wp-content/uploads/2009/07/Oven-Fried-Chicken-6-260x390.jpg,158.0,14.5,15.0,5.0,This oven “fried” chicken is extra crispy from a secret ingredient – bran flakes! It’s moist yet still light since little oil is used. You can also make it...,"Air Fryer,Dairy Free,Gluten Free,Kid Friendly",0,0,0,0,0,0,1,0,0,1,0,0,1,1,american,http://www.skinnytaste.com/air-fryer-fried-chicken/,0
Portuguese Seafood Stew,https://www.skinnytaste.com/wp-content/uploads/2009/03/Portugese-Seafood-Stew-7-260x390.jpg,447.0,59.5,16.5,10.5,"Portuguese Seafood Stew made with clams, shrimp, scallops and chorizo comes together in minutes! Serve it with some crusty bread and enjoy! Portuguese Seafood Stew This Portuguese Seafood Stew...","Dairy Free,Gluten Free,Low Carb,Under 30 Minutes",0,0,0,0,1,0,1,0,0,0,1,0,1,0,american,http://www.skinnytaste.com/portuguese-seafood-stew/,0
Air Fryer Roasted Cauliflower Tacos,https://www.skinnytaste.com/wp-content/uploads/2021/08/Air-Fryer-Roasted-Cauliflower-Tacos-6-260x390.jpg,284.0,8.5,22.5,21.5,"When you want meatless tacos, try these roasted cauliflower tacos made in the air fryer, topped with Peruvian green sauce and pickled red onions. Air Fryer Roasted Cauliflower Tacos...","Air Fryer,Vegetarian Meals",0,0,0,1,0,0,0,0,0,1,0,0,0,0,mediterranean,http://www.skinnytaste.com/air-fryer-roasted-cauliflower-tacos/,0
Garden Tomato Sauce,https://www.skinnytaste.com/wp-content/uploads/2021/08/Garden-Tomato-Sauce-7-260x390.jpg,61.0,1.5,9.0,3.0,"In the summer, there’s nothing better than homemade, fresh garden tomato sauce – perfect for your favorite pasta dish! Garden Tomato Sauce I have a garden in my backyard,...","Dairy Free,Freezer Meals,Gluten Free,Kid Friendly,Low Carb,Vegetarian Meals",1,0,0,1,1,0,1,0,0,0,0,0,1,1,italian,http://www.skinnytaste.com/garden-tomato-sauce/,0
Coconut Red Curry Shrimp Skewers,https://www.skinnytaste.com/wp-content/uploads/2021/07/Coconut-Red-Curry-Shrimp-Skewers-4-260x390.jpg,252.0,36.0,13.0,5.0,"Grilled Coconut Red Curry Shrimp Skewers with bell pepper and onions are so flavorful, thanks to one of my favorite pantry staples – red curry paste. Coconut Red Curry...","Dairy Free,Gluten Free,Kid Friendly,Low Carb,Paleo,Whole 30 Recipes",0,0,0,0,1,0,1,1,0,0,0,1,1,1,asian,http://www.skinnytaste.com/coconut-red-curry-shrimp-skewers/,0
Spice Rubbed Grilled Salmon with Black Beans and Corn,https://www.skinnytaste.com/wp-content/uploads/2012/04/Smoky-Spice-Rubbed-Grilled-Salmon-with-Black-Beans-and-Corn-14-260x390.jpg,442.0,43.5,39.0,13.0,Grilled salmon seasoned with a smokey rub served with a fresh black beans and corn salsa. Grilled Salmon with Black Bean Salsa These grilled salmon are steaks rubbed with...,"Dairy Free,Gluten Free,Under 30 Minutes",0,0,0,0,0,0,1,0,0,0,1,0,1,0,american,http://www.skinnytaste.com/spice-rubbed-grilled-salmon-with-black/,0
Strawberry Scones,https://www.skinnytaste.com/wp-content/uploads/2010/06/Low-Fat-Strawberry-Scones-8-260x390.jpg,201.0,4.5,32.0,6.5,"Strawberry Scones made lighter, a wonderful breakfast and a delicious way to use up fresh strawberries! Strawberry Scones Can a morning get better than freshly baked strawberry scones topped...","Kid Friendly,Meal Prep Recipes",0,0,0,0,0,1,0,0,0,0,0,0,0,1,dessert,http://www.skinnytaste.com/strawberry-scones/,0
Air Fryer Burst Tomato Burrata Caprese Salad,https://www.skinnytaste.com/wp-content/uploads/2021/07/Air-Fryer-Burst-Tomato-Burrata-Caprese-Salad-5-260x390.jpg,307.0,15.0,30.0,18.0,Burst tomatoes are so quick and easy to make in the air fryer. Adding burrata cheese and arugula turns this into a delicious summer salad. Air Fryer Burst Tomato...,"Air Fryer,Gluten Free,Low Carb,Under 30 Minutes,Vegetarian Meals",0,0,0,1,1,0,1,0,0,1,1,0,0,0,italian,http://www.skinnytaste.com/air-fryer-burst-tomato-burrata-caprese-salad/,0
Cilantro Chicken Salad,https://www.skinnytaste.com/wp-content/uploads/2010/06/Cilantro-Chicken-Salad-5-260x390.jpg,160.5,23.0,3.0,6.0,"This easy chicken salad recipe is made with scallions, cilantro with a hint of lime. It’s a tasty twist on traditional chicken salad with some Latin flavor! Cilantro Chicken...","Gluten Free,Keto Recipes,Kid Friendly,Low Carb,Meal Prep Recipes,Under 30 Minutes",0,0,1,0,1,1,1,0,0,0,1,0,0,1,american,http://www.skinnytaste.com/cilantro-chicken-salad/,0
"Grilled Steak With Tomatoes, Red Onion and Balsamic",https://www.skinnytaste.com/wp-content/uploads/2017/08/Grilled-Flank-Steak-with-Tomatoes-Red-Onion-and-Balsamic-8-260x390.jpg,198.0,25.0,3.0,9.0,"One of my favorite ways to make grilled steak in the summer. Topped with fresh chopped tomatoes, red onion, balsamic and oil. It’s fresh and a great way to...","Gluten Free,Keto Recipes,Kid Friendly,Low Carb,Paleo,Under 30 Minutes,Whole 30 Recipes",0,0,1,0,1,0,1,1,0,0,1,1,0,1,mediterranean,http://www.skinnytaste.com/grilled-steak-with-tomatoes-red-onion/,0
Baby Red Potato Salad,https://www.skinnytaste.com/wp-content/uploads/2009/06/Baby-Red-Potato-Salad-5-260x390.jpg,107.2,2.2,17.8,3.2,"This Baby Red Potato Salad is light on the mayonnaise, it will be your new go-to for summer BBQs. Baby Red Potato Salad I love a good homemade potato...","Gluten Free,Kid Friendly,Vegetarian Meals",0,0,0,1,0,0,1,0,0,0,0,0,0,1,american,http://www.skinnytaste.com/baby-red-potato-and-watercress-salad/,0
Foil Packet Cheesy Sausage and Peppers,https://www.skinnytaste.com/wp-content/uploads/2021/06/Foil-Packet-Cheesy-Sausage-and-Peppers-9-260x390.jpg,223.0,18.5,12.5,11.5,"Foil Packet Cheesy Sausage and Peppers are so easy to make on the grill if you’re camping, vacationing, or just looking for an easy dinner with even easier cleanup!...","Gluten Free,Kid Friendly,Low Carb",0,0,0,0,1,0,1,0,0,0,0,0,0,1,italian,http://www.skinnytaste.com/foil-packet-cheesy-sausage-and-peppers/,0
Red White and Blue Fruit Skewers with Cheesecake Yogurt Dip,https://www.skinnytaste.com/wp-content/uploads/2013/05/strawberry-blueberry-skewers-05-260x390.jpg,105.0,3.0,18.5,2.5,Easy Red White and Blue Fruit Skewers with Cheesecake Yogurt Dip is the perfect no-bake dessert for the summer! Red White and Blue Fruit Skewers If you need a...,"Kid Friendly,Under 30 Minutes,Vegetarian Meals",0,0,0,1,0,0,0,0,0,0,1,0,0,1,dessert,http://www.skinnytaste.com/red-white-blue-fruit-skewers-with/,0
Mexican Adobo Rubbed Grilled Pork Tenderloin,https://www.skinnytaste.com/wp-content/uploads/2013/04/Grilled-Pork_10-260x390.jpg,182.0,27.5,3.0,6.5,"Make this flavorful grilled pork tenderloin seasoned with homemade Mexican adobo seasoning for a tasty weeknight dinner! Mexican Adobo Grilled Pork Tenderloin Lean pork tenderloin, rubbed with homemade Mexican...","Dairy Free,Gluten Free,Keto Recipes,Low Carb,Paleo",0,0,1,0,1,0,1,1,0,0,0,0,1,0,american,http://www.skinnytaste.com/mexican-adobo-rubbed-grilled-pork/,0
Slow Cooker Pulled Pork,https://www.skinnytaste.com/wp-content/uploads/2012/04/pulled-pork-06-1-260x390.jpg,203.0,30.5,12.5,3.0,This easy Slow Cooker Pulled Pork is made with my homemade BBQ sauce – it smells incredible while it slow cooks all day and comes out tender and delicious....,"Dairy Free,Gluten Free,Kid Friendly,Slow Cooker Recipes",0,0,0,0,0,0,1,0,1,0,0,0,1,1,american,http://www.skinnytaste.com/slow-cooker-pulled-pork/,0
Grilled Bruschetta Chicken,https://www.skinnytaste.com/wp-content/uploads/2017/05/Grilled-Chicken-Bruschetta-3-260x390.jpg,282.0,38.5,7.0,11.0,"Grilled Chicken Bruschetta is a summer staple in my house! Basically a caprese made with juicy tomatoes, mozzarella, basil, red onion, garlic and balsamic, a delicious weeknight meal! Grilled...","Gluten Free,Keto Recipes,Kid Friendly,Low Carb,Paleo,Under 30 Minutes,Whole 30 Recipes",0,0,1,0,1,0,1,1,0,0,1,1,0,1,mediterranean,http://www.skinnytaste.com/grilled-bruschetta-chicken/,0
Caesar-Marinated Chicken Kabobs with Zucchini and Grilled Romaine,https://www.skinnytaste.com/wp-content/uploads/2021/06/Chicken-Caesar-Skewers-8-260x390.jpg,289.0,40.5,9.5,10.0,Caesar-Marinated Chicken Zucchini Kabobs made with my homemade Caesar salad dressing and grilled romaine for a light and delicious summer dinner. Caesar-Marinated Chicken Kabobs with Zucchini Caesar dressing is...,"Gluten Free,Kid Friendly,Low Carb",0,0,0,0,1,0,1,0,0,0,0,0,0,1,italian,http://www.skinnytaste.com/caesar-marinated-chicken-kabobs-with/,0
Grilled Shrimp Panzanella Skewers,https://www.skinnytaste.com/wp-content/uploads/2021/06/Shrimp-Panzanella-Skewers-4-260x390.jpg,216.0,28.0,18.0,3.0,"Grilled Shrimp Panzanella Skewers, layered with summer peaches, tomatoes, and sourdough bread, finished with balsamic and fresh basil. Grilled Shrimp Panzanella Skewers Panzanella is a traditional Italian bread salad,...","Dairy Free,Kid Friendly,Under 30 Minutes",0,0,0,0,0,0,0,0,0,0,1,0,1,1,italian,http://www.skinnytaste.com/grilled-shrimp-panzanella-skewers/,0
"Ground Turkey Skillet with Zucchini, Corn, Black Beans and Tomato",https://www.skinnytaste.com/wp-content/uploads/2021/06/Santa-Fe-Turkey-Zucchini-Bowls_-4-260x390.jpg,266.0,28.0,22.5,8.5,"This quick, one-pot Ground Turkey Skillet with zucchini, corn, tomatoes, and black beans is great for weeknight dinner or meal prep! Ground Turkey Skillet I just love an easy...","Dairy Free,Gluten Free,Kid Friendly,Meal Prep Recipes,Under 30 Minutes",0,0,0,0,0,1,1,0,0,0,1,0,1,1,american,http://www.skinnytaste.com/ground-turkey-skillet-with-zucchini-corn/,0
Shrimp Ceviche,https://www.skinnytaste.com/wp-content/uploads/2021/06/Shrimp-Ceviche-8-260x390.jpg,147.0,24.0,7.0,2.0,"Shrimp “cook” in lime juice to make this flavorful Shrimp Ceviche, with fresh cilantro, cucumbers and jalapeño. The perfect summer appetizer! Shrimp Ceviche This ceviche recipe is an incredibly...","Dairy Free,Gluten Free,Keto Recipes,Kid Friendly,Under 30 Minutes,Whole 30 Recipes",0,0,1,0,0,0,1,0,0,0,1,1,1,1,mediterranean,http://www.skinnytaste.com/shrimp-ceviche/,0
Asparagus and Swiss Cheese Frittata,https://www.skinnytaste.com/wp-content/uploads/2013/05/Asparagus-and-Swiss-Cheese-Frittata-7-260x390.jpg,243.0,19.0,9.0,15.0,"Spring asparagus, shallots and Swiss cheese is a delicious combination with eggs in this slimmed down frittata which is perfect for breakfast, lunch or dinner! Asparagus and Swiss Cheese...","Gluten Free,Under 30 Minutes,Vegetarian Meals",0,0,0,1,0,0,1,0,0,0,1,0,0,0,french,http://www.skinnytaste.com/asparagus-and-swiss-cheese-frittata/,0
Arroz Congri (Cuban Rice and Black Beans),https://www.skinnytaste.com/wp-content/uploads/2011/02/arroz-congri-rice-10-260x390.jpg,143.0,6.5,27.5,2.5,Arroz Congri is a Cuban black bean and rice dish using canned black beans that can be served as a side or meatless main dish. Arroz Congri (Cuban Rice...,"Dairy Free,Gluten Free,Vegetarian Meals",0,0,0,1,0,0,1,0,0,0,0,0,1,0,american,http://www.skinnytaste.com/cuban-rice-and-black-beans-arroz-congri/,0
Mayo-less Tuna Pasta Salad,https://www.skinnytaste.com/wp-content/uploads/2011/05/Mayo-less-Tuna-Salad-5-260x390.jpg,271.5,24.5,23.0,10.5,This Mayo-less Tuna Pasta Salad is the answer if you’re not a fan of mayonnaise and love a cold tuna pasta salad for lunch on a hot summer day....,"Gluten Free,Kid Friendly,Under 30 Minutes",0,0,0,0,0,0,1,0,0,0,1,0,0,1,italian,http://www.skinnytaste.com/mayo-less-tuna-pasta-salad/,0
Grilled Flank Steak with Black Bean and Corn Salsa,https://www.skinnytaste.com/wp-content/uploads/2012/05/grilled-flank-steak-10-260x390.jpg,250.0,25.5,9.0,9.5,"Grilled Flank Steak with a flavorful tomato, corn and black bean salsa is an easy, summer 30-minute weeknight dish! Grilled Flank Steak with Black Bean Salsa In the summer...","Dairy Free,Gluten Free,Kid Friendly,Under 30 Minutes",0,0,0,0,0,0,1,0,0,0,1,0,1,1,mediterranean,http://www.skinnytaste.com/grilled-flank-steak-with-black-bean-and/,0
Shrimp Egg Rolls (Air Fryer or Baked),https://www.skinnytaste.com/wp-content/uploads/2021/06/Air-Fryer-Shrimp-Egg-Rolls-9-260x390.jpg,137.0,11.0,16.0,3.0,"Easy Shrimp Egg Rolls inspired by my favorite Chinese take-out only healthier, loaded with shrimp in every bite. Air fryer or baked! Shrimp Egg Rolls I love cooking egg...","Air Fryer,Dairy Free,Kid Friendly,Under 30 Minutes",0,0,0,0,0,0,0,0,0,1,1,0,1,1,asian,http://www.skinnytaste.com/shrimp-egg-rolls-air-fryer/,0
Lobster Roll Pasta Salad,https://www.skinnytaste.com/wp-content/uploads/2021/05/Lobster-Roll-Pasta-Salad-11-260x390.jpg,282.0,23.5,34.0,5.5,"Lobster Roll Pasta Salad, inspired by one of my favorite summer sandwiches – a lobster roll – is loaded with lobster in every bite! Lobster Roll Pasta Salad This...","Kid Friendly,Under 30 Minutes",0,0,0,0,0,0,0,0,0,0,1,0,0,1,american,http://www.skinnytaste.com/blog/2012/07/lobster-roll-pasta-saladhtml,0
Triple Berry Crisp,https://www.skinnytaste.com/wp-content/uploads/2011/07/Triple-Berry-Crisp_11-260x390.jpg,152.0,2.0,29.5,4.5,"When summer berries are at their peak, make this warm berry crisp, and enjoy it with a scoop of frozen yogurt or whipped cream. Triple Berry Crisp This Triple Berry Crisp...","Gluten Free,Kid Friendly,Vegetarian Meals",0,0,0,1,0,0,1,0,0,0,0,0,0,1,dessert,http://www.skinnytaste.com/triple-berry-crisp/,0
Air Fryer Chicken Sandwich with Sriracha Mayo,https://www.skinnytaste.com/wp-content/uploads/2021/05/air-fryer-chicken-sandwich-21-260x390.jpg,334.0,35.0,31.0,8.0,"This spicy, Air Fryer Chicken Sandwich inspired by Chick-fil-a is made with lean chicken breast brined in pickle juice and buttermilk, served with pickles and sriracha mayo  – SO...","Air Fryer,Kid Friendly",0,0,0,0,0,0,0,0,0,1,0,0,0,1,american,http://www.skinnytaste.com/air-fryer-chicken-sandwich-with-sriracha-mayo/,0
Ambrosia Fruit Salad,https://www.skinnytaste.com/wp-content/uploads/2009/05/Ambrosia-Salad-1-2-260x390.jpg,163.0,1.5,26.0,7.0,"This lighter Ambrosia Salad, full of fresh fruit, whipped cream, walnuts, and marshmallows, is the perfect Spring or Summer dessert. Ambrosia Fruit Salad Ambrosia is a creamy fruit salad...","Gluten Free,Kid Friendly,Under 30 Minutes",0,0,0,0,0,0,1,0,0,0,1,0,0,1,dessert,http://www.skinnytaste.com/ambrosia-fruit-salad/,0
"Quinoa Salad with Kale, Cranberries and Mint",https://www.skinnytaste.com/wp-content/uploads/2021/05/Quinoa-Salad-with-Kale-Cranberries-and-Mint-7-260x390.jpg,191.0,5.0,30.0,6.0,"This healthy Quinoa Salad with Kale, Cranberries and Mint is perfect for bringing to a potluck or serving with anything you’re grilling, like chicken , fish, or steaks. Quinoa...","Dairy Free,Gluten Free,Meal Prep Recipes,Vegetarian Meals",0,0,0,1,0,1,1,0,0,0,0,0,1,0,mediterranean,http://www.skinnytaste.com/quinoa-salad-with-kale-cranberries-and-mint/,0
Watermelon Feta Salad,https://www.skinnytaste.com/wp-content/uploads/2020/07/Watermelon-Feta-Salad-7-260x390.jpg,85.0,3.5,9.5,4.0,"This easy Watermelon Feta Salad, made with only four ingredients, is a summer staple at your next summer BBQ! Watermelon Feta Salad Need an easy side dish for Memorial...","Gluten Free,Kid Friendly,Under 30 Minutes,Vegetarian Meals",0,0,0,1,0,0,1,0,0,0,1,0,0,1,mediterranean,http://www.skinnytaste.com/watermelon-feta-salad/,0
Oatmeal Berry Smoothie Bowl,https://www.skinnytaste.com/wp-content/uploads/2021/05/Oatmeal-Berry-Smoothie-Bowl-8-260x390.jpg,154.0,3.0,33.5,2.0,"When you want oatmeal AND a smoothie bowl, try this delicious Oatmeal Berry Smoothie Bowl made with oats, frozen berries and bananas. Oatmeal Berry Smoothie Bowl This mixed berry...","Dairy Free,Kid Friendly,Meal Prep Recipes,Under 30 Minutes,Vegetarian Meals",0,0,0,1,0,1,0,0,0,0,1,0,1,1,american,http://www.skinnytaste.com/oatmeal-berry-smoothie-bowl/,0
Skillet Cajun Spiced Fish with Tomatoes,https://www.skinnytaste.com/wp-content/uploads/2012/03/Skillet-Flounder-with-Tomatoes-6-260x390.jpg,206.0,33.0,10.0,4.0,"Cajun spices, tomatoes, onions and peppers give any white fish extra pizazz and a little kick. Super easy and quick! Skillet Cajun Spiced Fish with Tomatoes Here I used...","Dairy Free,Gluten Free,Keto Recipes,Low Carb,Paleo,Under 30 Minutes",0,0,1,0,1,0,1,1,0,0,1,0,1,0,american,http://www.skinnytaste.com/skillet-cajun-spiced-fish-with-tomatoes/,0
Bisteces a la Mexicana (Mexican Style Beef Stew),https://www.skinnytaste.com/wp-content/uploads/2021/05/Bistecas-a-la-Mexicana-8-260x390.jpg,227.0,24.0,5.5,11.5,"Bisteces a la Mexicana is a flavorful Mexican-style beef stew that cooks on low heat with tomatoes, jalapenos, onion, herbs and spices. Bisteces a la Mexicana (Mexican Beef Stew)...","Dairy Free,Gluten Free",0,0,0,0,0,0,1,0,0,0,0,0,1,0,american,http://www.skinnytaste.com/bisteces-a-la-mexicana-mexican-style-beef-stew/,0
Cheeseburger Crunch Wrap,https://www.skinnytaste.com/wp-content/uploads/2021/05/Cheeseburger-Crunch-Wrap-11-260x390.jpg,354.0,33.0,22.0,18.5,"This Cheeseburger Crunch Wrap is so easy, stuffed with classic burger ingredients and wrapped in a crunchy tortilla. Use any burger meat you wish here! Cheeseburger Crunch Wrap Recently...","Air Fryer,Kid Friendly,Low Carb,Under 30 Minutes",0,0,0,0,1,0,0,0,0,1,1,0,0,1,american,http://www.skinnytaste.com/cheeseburger-crunch-wrap/,0
Grilled Vegetable Orzo Pasta Salad,https://www.skinnytaste.com/wp-content/uploads/2021/05/Farmer_s-Market-Orzo-Salad-8-260x390.jpg,267.0,6.5,39.5,9.0,"Grilled vegetables from the farmers market shine in this vegetarian orzo pasta salad, perfect as a side dish or meatless main. Grilled Vegetable Orzo Pasta Salad This delicious pasta...","Dairy Free,Kid Friendly,Vegetarian Meals",0,0,0,1,0,0,0,0,0,0,0,0,1,1,mediterranean,http://www.skinnytaste.com/grilled-vegetable-orzo-pasta-salad/,0
Salmon Fried Rice,https://www.skinnytaste.com/wp-content/uploads/2020/12/Salmon-Fried-Rice-3-260x390.jpg,408.0,34.0,28.0,17.5,Salmon Fried Rice for one is made with with frozen brown rice and riced cauliflower for a quick meal you can whip up in 20 minutes for lunch or...,"Dairy Free,Gluten Free,Under 30 Minutes",0,0,0,0,0,0,1,0,0,0,1,0,1,0,asian,http://www.skinnytaste.com/salmon-fried-rice/,0
Pico de Gallo Salsa,https://www.skinnytaste.com/wp-content/uploads/2008/05/Pico-de-Gallo-9-260x390.jpg,36.5,1.0,8.0,0.5,"Pico de Gallo Salsa is a fresh and healthy salsa recipe made with fresh tomatoes, onions, cilantro and lots of lime. Goes great with chips, grilled fish, chicken, burrito...","Dairy Free,Gluten Free,Paleo,Under 30 Minutes,Vegetarian Meals,Whole 30 Recipes",0,0,0,1,0,0,1,1,0,0,1,1,1,0,mediterranean,http://www.skinnytaste.com/pico-de-gallo-salsa/,0
Quick and Delicioso Cuban Style Black Beans,https://www.skinnytaste.com/wp-content/uploads/2011/01/Cuban-Black-Beans-9-260x390.jpg,114.0,7.0,20.0,3.0,"These are my go-to Cuban Style Black Beans when I want a quick side dish from canned beans to go with rice and steak, Pernil, pollo, etc. Cuban Style...","Under 30 Minutes,Vegetarian Meals",0,0,0,1,0,0,0,0,0,0,1,0,0,0,american,http://www.skinnytaste.com/quick-and-delicious-cuban-style-black-beans/,0
Strawberries and Yogurt Whipped Cream,https://www.skinnytaste.com/wp-content/uploads/2021/04/Strawberries-and-Yogurt-Whipped-Cream-10-260x390.jpg,125.0,2.5,13.0,7.5,"This lighter Strawberries and Cream folds Greek yogurt right into the whipped cream for a healthier (and yummier) spin on the classic! Strawberries and Cream On weekends, I occasionally...","Gluten Free,Kid Friendly,Under 30 Minutes,Vegetarian Meals",0,0,0,1,0,0,1,0,0,0,1,0,0,1,american,http://www.skinnytaste.com/strawberries-and-yogurt-whipped-cream/,0
Low-Yolk Egg Salad,https://www.skinnytaste.com/wp-content/uploads/2011/04/Half-Yolk-Egg-Salad-3-260x390.jpg,122.0,9.5,2.0,7.6,"This easy, low-yolk egg salad is made with a mix of whole eggs and egg whites with a little mayo and scallions. Serve this on your favorite whole grain...","Dairy Free,Gluten Free,Keto Recipes,Low Carb,Meal Prep Recipes,Paleo,Under 30 Minutes,Vegetarian Meals,Whole 30 Recipes",0,0,1,1,1,1,1,1,0,0,1,1,1,0,american,http://www.skinnytaste.com/low-yolk-egg-salad/,0
Air Fryer Bacon Wrapped Pork Tenderloin,https://www.skinnytaste.com/wp-content/uploads/2021/04/Bacon-Wrapped-Pork-Loin-7-260x390.jpg,153.0,26.5,0.5,4.0,This quick and simple Bacon-Wrapped Pork Tenderloin cooked in the air fryer is perfect for weeknight dinners and packed with so much flavor! Air Fryer Bacon-Wrapped Pork Tenderloin Here’s...,"Air Fryer,Dairy Free,Gluten Free,Keto Recipes,Kid Friendly,Low Carb,Under 30 Minutes",0,0,1,0,1,0,1,0,0,1,1,0,1,1,american,http://www.skinnytaste.com/air-fryer-bacon-wrapped-pork-tenderloin/,0
Spanish Tortilla with Pimenton Aioli,https://www.skinnytaste.com/wp-content/uploads/2021/03/Spanish-Tortilla_new-8-260x390.jpg,247.0,9.0,21.5,14.5,"Spanish Tortilla with Pimenton Aioli is a layered potato and egg open-faced omelet. Serve it as an appetizer, snack, or main for breakfast/brunch or a light dinner. Spanish Tortilla...","Dairy Free,Gluten Free,Kid Friendly,Meal Prep Recipes,Vegetarian Meals",0,0,0,1,0,1,1,0,0,0,0,0,1,1,american,http://www.skinnytaste.com/spanish-tortilla-with-pimenton-aioli/,0
Turkey Picadillo,https://www.skinnytaste.com/wp-content/uploads/2010/02/Turkey-Picadillo-8-260x390.jpg,238.0,29.0,7.5,11.0,"Turkey Picadillo is a lighter alternative to my favorite Cuban beef picadillo recipe only much leaner, and made with ground turkey instead. Turkey Picadillo Growing up in a Latin...","Dairy Free,Freezer Meals,Gluten Free,Keto Recipes,Kid Friendly,Low Carb,Meal Prep Recipes,Under 30 Minutes,Whole 30 Recipes",1,0,1,0,1,1,1,0,0,0,1,1,1,1,mediterranean,http://www.skinnytaste.com/2012/09/turkey-picadillohtml,0
"Farro Salad with Feta, Cucumbers and Sun Dried Tomatoes",https://www.skinnytaste.com/wp-content/uploads/2012/05/Farro-with-Feta-Cucumbers-and-Sun-Dried-Tomatoes-6-260x390.jpg,241.0,9.0,39.0,6.5,"This farro salad is made with Mediterranean ingredients – cucumbers, tomatoes, lemon juice, feta, and mint – delicious as a side dish or even for lunch! Mediterranean Farro Salad...","Under 30 Minutes,Vegetarian Meals",0,0,0,1,0,0,0,0,0,0,1,0,0,0,mediterranean,http://www.skinnytaste.com/farro-salad-with-feta-cucumbers-and/,0
Easy (10-minute) Waffled Salmon Cakes,https://www.skinnytaste.com/wp-content/uploads/2021/04/Waffled-Salmon-Cakes-5-260x390.jpg,169.0,22.0,5.5,6.5,"These easy Salmon Cakes, made with pantry and refrigerator staples are cooked in a waffle maker – only 10 minutes from start to finish! Easy (10-minute) Waffled Salmon Cakes...","Dairy Free,Gluten Free,Low Carb,Meal Prep Recipes,Under 30 Minutes",0,0,0,0,1,1,1,0,0,0,1,0,1,0,american,http://www.skinnytaste.com/waffled-salmon-cakes/,0
Coconut-Poached Chicken with Bok Choy and Mushrooms,https://www.skinnytaste.com/wp-content/uploads/2021/04/Coconut-Simmered-Chicken-with-Bok-Choy-and-Mushrooms-8-260x390.jpg,321.0,42.0,12.0,12.0,"Coconut-Poached Chicken with Bok Choy and Mushrooms served with a cucumber sesame salad is SO simple, fast and flavorful. Coconut-Poached Chicken with Bok Choy and Mushrooms This one-pan cooking...","Dairy Free,Gluten Free,Keto Recipes,Under 30 Minutes,Whole 30 Recipes",0,0,1,0,0,0,1,0,0,0,1,1,1,0,asian,http://www.skinnytaste.com/coconut-poached-chicken-with-bok-choy-and/,0
Italian Turkey Meatball Sheet Pan Dinner,https://www.skinnytaste.com/wp-content/uploads/2021/04/Italian-Turkey-Meatball-Sheet-Pan-Dinner-5-260x390.jpg,263.0,26.5,14.0,11.5,Italian Turkey Meatball Sheet Pan Dinner made with the most tender turkey meatballs and roasted vegetables for an easy one-pot meal. Italian Turkey Meatball Sheet Pan Dinner These turkey...,"Dairy Free,Gluten Free,Kid Friendly,Meal Prep Recipes",0,0,0,0,0,1,1,0,0,0,0,0,1,1,italian,http://www.skinnytaste.com/italian-turkey-meatball-sheet-pan-dinner/,0
Ahi Tuna Poke Stacks,https://www.skinnytaste.com/wp-content/uploads/2021/04/Ahi-Tuna-Poke-Rice-Stacks-6-260x390.jpg,561.0,48.5,37.5,24.5,"Ahi Tuna Poke Rice Stacks with layers of chunks of sushi-grade tuna, avocado, cucumbers, spicy mayo, and rice layered in fun easy stacks. Ahi Tuna Poke Stacks I’ve been...","Dairy Free,Gluten Free,Under 30 Minutes",0,0,0,0,0,0,1,0,0,0,1,0,1,0,asian,http://www.skinnytaste.com/ahi-tuna-poke-stacks/,0
Navel Orange Salad with Avocado,https://www.skinnytaste.com/wp-content/uploads/2021/03/Naval-Orange-Salad-with-Avocado-7-260x390.jpg,278.5,3.0,24.0,20.0,This California Navel Orange Salad with Avocados and a Citrus Vinaigrette is a simple yet delicious salad bursting with orange flavor. Navel Orange Salad with Avocado This salad made...,"Dairy Free,Gluten Free,Kid Friendly,Under 30 Minutes,Vegetarian Meals,Whole 30 Recipes",0,0,0,1,0,0,1,0,0,0,1,1,1,1,mediterranean,http://www.skinnytaste.com/navel-orange-salad-with-avocado-red-onion/,0
Asparagus and Feta Tartlet with Phyllo Crust,https://www.skinnytaste.com/wp-content/uploads/2021/03/Asparagus-Tart-6-260x390.jpg,91.0,4.5,7.5,5.0,"These Asparagus and Feta Tartlets with Phyllo Crust are so easy to make – the perfect Spring appetizer, brunch, or lunch dish! Asparagus and Feta Tartlet with Phyllo Crust...",Vegetarian Meals,0,0,0,1,0,0,0,0,0,0,0,0,0,0,french,http://www.skinnytaste.com/asparagus-and-feta-tartlets-with-phyllo/,0
Spring Pea Soup with Fresh Herbs,https://www.skinnytaste.com/wp-content/uploads/2021/03/Spring-Pea-and-Fresh-Herbs-Soup-7-260x390.jpg,160.0,6.5,20.5,6.0,"This Spring Pea Soup with Fresh Herbs finished with a lemony yogurt topping is pretty effortless, but it tastes like a million bucks! Spring Pea Soup with Fresh Herbs...","Gluten Free,Under 30 Minutes,Vegetarian Meals",0,0,0,1,0,0,1,0,0,0,1,0,0,0,mediterranean,http://www.skinnytaste.com/spring-pea-soup-with-fresh-herbs/,0
Protein PB & J Smoothie Bowl,https://www.skinnytaste.com/wp-content/uploads/2021/03/PB-_-J-Smoothie-Bowl-7-260x390.jpg,268.0,14.5,30.5,11.0,"This Protein PB & J Smoothie Bowl tastes like peanut butter and jelly in a bowl. Packed with protein, it’s the perfect start to your day! Protein PB &...","Dairy Free,Freezer Meals,Gluten Free,Kid Friendly,Meal Prep Recipes,Under 30 Minutes,Vegetarian Meals",1,0,0,1,0,1,1,0,0,0,1,0,1,1,american,http://www.skinnytaste.com/protein-pb-smoothie-bowl/,0
Layered Potato Cups with Spring Herbs and Leeks,https://www.skinnytaste.com/wp-content/uploads/2021/03/Spring-Herbs-Leeks-Goat-Cheese-and-Potato-Cups-6-260x390.jpg,171.0,6.0,31.0,3.5,"These Layered Potato Cups with Spring Herbs and Leeks are made in a muffin tin, an impressive side dish for special occasions and great for portion control. Layered Potato...","Gluten Free,Kid Friendly,Vegetarian Meals",0,0,0,1,0,0,1,0,0,0,0,0,0,1,mediterranean,http://www.skinnytaste.com/layered-potato-cups-with-spring-herbs/,0
Spicy Crunchy Tuna Tartare,https://www.skinnytaste.com/wp-content/uploads/2010/08/Spicy-Crunchy-Tuna-Tartare-6-260x390.jpg,197.6,18.6,7.9,10.3,"Spicy Crunchy Tuna Tartare is my favorite restaurant appetizer that’s so easy to make yourself and will impress your guests! Made with tuna, avocado and some panko for crunch....","Dairy Free,Gluten Free,Low Carb,Under 30 Minutes",0,0,0,0,1,0,1,0,0,0,1,0,1,0,asian,http://www.skinnytaste.com/spicy-crunchy-tuna-tartare/,0
One-Pot Chicken and Artichoke Cavatappi,https://www.skinnytaste.com/wp-content/uploads/2021/03/One-Pot-Chicken-and-Artichoke-Cavatappi-8-260x390.jpg,428.0,39.0,56.5,5.0,"This One-Pot Chicken and Artichoke Cavatappi with kale and sun-dried tomatoes, flavored with lemon juice, garlic, and oregano, is bursting with flavor. One-Pot Chicken and Artichoke Cavatappi The artichokes...",Under 30 Minutes,0,0,0,0,0,0,0,0,0,0,1,0,0,0,italian,http://www.skinnytaste.com/one-pot-chicken-and-artichoke-cavatappi/,0
Spanakopita Baked Eggs,https://www.skinnytaste.com/wp-content/uploads/2021/03/SPANAKOPITA-26-260x390.jpg,198.0,15.0,13.5,11.0,"These Baked Eggs are inspired by the Greek spinach pie Spanakopita using the same flavorful spinach filling, only baked with eggs. Spanakopita Baked Eggs This Spanakopita Baked Egg dish...","Gluten Free,Keto Recipes,Low Carb,Vegetarian Meals,Whole 30 Recipes",0,0,1,1,1,0,1,0,0,0,0,1,0,0,mediterranean,http://www.skinnytaste.com/spanakopita-baked-eggs/,0
Cacio e Pepe Frittata with Cauliflower and Lemony Yogurt,https://www.skinnytaste.com/wp-content/uploads/2021/03/Cacio-e-Pepe-Frittata-9-260x390.jpg,277.0,20.0,5.5,18.5,"This Cacio e Pepe Frittata is a fun twist on the Italian pasta dish. Protein-packed with eggs, Parmesan cheese, roasted cauliflower and Greek yogurt to make it extra creamy...","Gluten Free,Low Carb,Meal Prep Recipes,Vegetarian Meals",0,0,0,1,1,1,1,0,0,0,0,0,0,0,italian,http://www.skinnytaste.com/cacio-e-pepe-frittata-with-cauliflower-and/,0
Hearts of Palm Noodle Peanut Stir Fry,https://www.skinnytaste.com/wp-content/uploads/2021/03/Hearts-of-Palm-Noodle-Peanut-Stir-Fry-9-260x390.jpg,414.0,17.0,26.5,26.5,"This easy, vegetarian Hearts of Palm Noodle Peanut Stir Fry for one is made with a spicy peanut sauce, spinach, and egg – under 15 minutes and so good!...","Dairy Free,Gluten Free,Paleo,Under 30 Minutes,Vegetarian Meals,Whole 30 Recipes",0,0,0,1,0,0,1,1,0,0,1,1,1,0,asian,http://www.skinnytaste.com/hearts-of-palm-noodle-peanut-stir-fry/,0
Flaugnarde of Mixed Berries (Clafoutis),https://www.skinnytaste.com/wp-content/uploads/2011/08/Flaugnarde-of-Mixed-Berries-Clafoutis-6-260x390.jpg,167.5,4.4,33.0,2.3,"This warm berry custard called a Flaugnarde, similar to clafoutis, may sound fancy, but you won’t believe how easy it is to whip up! Flaugnarde of Mixed Berries (Clafoutis)...","Kid Friendly,Vegetarian Meals",0,0,0,1,0,0,0,0,0,0,0,0,0,1,french,http://www.skinnytaste.com/flaugnarde-of-mixed-berries-clafoutis/,0
High Protein Oat Waffles,https://www.skinnytaste.com/wp-content/uploads/2021/03/High-Protein-Waffles-10-260x390.jpg,121.0,8.5,12.0,4.5,"These high protein oat waffles are made with cottage cheese, oat flour and eggs. So good you’ll never make them any other way! High Protein Oat Waffles I’m obsessed...","Gluten Free,Kid Friendly,Under 30 Minutes,Vegetarian Meals",0,0,0,1,0,0,1,0,0,0,1,0,0,1,american,http://www.skinnytaste.com/high-protein-oat-waffles/,0
Pork Chops and Pears with Spicy Mustard Greens,https://www.skinnytaste.com/wp-content/uploads/2021/03/Pork-Chops-7-260x390.jpg,372.0,39.0,12.5,17.5,Juicy pork chops are topped with pears in an orange-sage sauce and served with spicy mustard greens for a healthy one-pan dinner. Pork Chops and Pears with Mustard Greens...,"Dairy Free,Gluten Free,Under 30 Minutes",0,0,0,0,0,0,1,0,0,0,1,0,1,0,mediterranean,http://www.skinnytaste.com/pork-chops-and-pears-with-spicy-mustard-greens/,0
Air Fryer Lobster Jalapeño Empanadas,https://www.skinnytaste.com/wp-content/uploads/2021/03/Air-Fryer-Lobster-Jalapeño-Empanadas-11-260x390.jpg,165.0,9.5,21.5,5.0,These spicy Air Fryer Lobster Jalapeño Empanadas are crispy and golden perfection without all the oil used in deep frying. Air Fryer Lobster Jalapeño Empanadas Empanadas bring me back...,"Air Fryer,Dairy Free,Kid Friendly,Under 30 Minutes",0,0,0,0,0,0,0,0,0,1,1,0,1,1,asian,http://www.skinnytaste.com/air-fryer-lobster-jalapeno-empanadas/,0
“Fried” Oreos,https://www.skinnytaste.com/wp-content/uploads/2021/03/Fried-Oreos-1-260x390.jpg,107.0,3.0,16.0,3.5,"These quick and easy, “Fried” Oreos made with protein pancake batter and Oreo Thins are the perfect light treat when you’re craving something sweet! “Fried” Oreos I am not...","Kid Friendly,Under 30 Minutes",0,0,0,0,0,0,0,0,0,0,1,0,0,1,american,http://www.skinnytaste.com/fried-oreos/,0
"Salmon Salad with Beets, Arugula, Pistachios and Pomegranates",https://www.skinnytaste.com/wp-content/uploads/2021/02/Salmon-Beet-and-Arugula-Salad-7-260x390.jpg,437.0,33.5,18.0,26.5,"This beautiful heart-healthy Salmon Salad with Beets, Arugula, Pistachios and Pomegranates makes salmon the focal point in this colorful salad. Salmon Salad with Beets This main dish salad is...",Under 30 Minutes,0,0,0,0,0,0,0,0,0,0,1,0,0,0,mediterranean,http://www.skinnytaste.com/salmon-salad-beets-arugula-pistachios-and-pomegranates/,0
Beef Negimaki Stir Fry,https://www.skinnytaste.com/wp-content/uploads/2021/03/Beef-Negimaki-Stir-Fry-5-260x390.jpg,251.0,28.5,14.0,7.5,Beef Negimaki Stir Fry deconstructs beef negimaki (Japanese meat sushi) and serves it with green beans to make it a stir fry main dish. Beef Negimaki Stir Fry This...,"Dairy Free,Gluten Free,Kid Friendly,Under 30 Minutes",0,0,0,0,0,0,1,0,0,0,1,0,1,1,asian,http://www.skinnytaste.com/beef-negimaki-stir-fry/,0
Greek Yogurt Caesar Salad Dressing,https://www.skinnytaste.com/wp-content/uploads/2012/08/Skinny-Caesar-Dressing-7-copy-260x390.jpg,91.0,6.0,2.5,6.5,"Easy Caesar Salad Dressing using the core ingredients which make up the classic: lemon + parmesan + anchovies, lightened up with Greek yogurt. Healthy Caesar Salad Dressing You can...","Gluten Free,Keto Recipes,Low Carb,Under 30 Minutes",0,0,1,0,1,0,1,0,0,0,1,0,0,0,mediterranean,http://www.skinnytaste.com/greek-yogurt-caesar-salad-dressing/,0
Sheet Pan Teriyaki Salmon and Vegetables,https://www.skinnytaste.com/wp-content/uploads/2016/12/Sheet-Pan-Teriyaki-Salmon-1-6-260x390.jpg,326.0,27.0,17.0,17.0,"This easy, delicious Sheet Pan Teriyaki Salmon and Vegetables (I seriously devoured this, it was THAT good) is made all on one sheet pan and ready in 20 minutes!...","Dairy Free,Gluten Free,Kid Friendly,Under 30 Minutes",0,0,0,0,0,0,1,0,0,0,1,0,1,1,asian,http://www.skinnytaste.com/teriyaki-salmon-and-veggies/,0
Cheesy Eggplant Gnocchi Caprese,https://www.skinnytaste.com/wp-content/uploads/2021/02/Cheesy-Eggplant-Caprese-Skillet-5-260x390.jpg,436.0,15.0,66.0,11.0,"Cheesy Eggplant Gnocchi Caprese is made with diced eggplant simmered in a garlicky tomato sauce with gnocchi, spinach, melted bites of fresh mozzarella and fresh basil. So good! Eggplant...","Gluten Free,Kid Friendly,Under 30 Minutes,Vegetarian Meals",0,0,0,1,0,0,1,0,0,0,1,0,0,1,italian,http://www.skinnytaste.com/cheesy-eggplant-gnocchi-caprese/,0
Buffalo Chickpea Salad,https://www.skinnytaste.com/wp-content/uploads/2021/02/Buffalo-Chickpea-Salad-4-260x390.jpg,182.0,8.5,27.0,5.0,"Buffalo Chickpea Salad is a spicy chickpea salad with all the flavors of buffalo wings, only meatless, perfect for lunch! Buffalo Chickpea Salad This spicy Chickpea Salad is made...","Gluten Free,Meal Prep Recipes,Under 30 Minutes,Vegetarian Meals",0,0,0,1,0,1,1,0,0,0,1,0,0,0,american,http://www.skinnytaste.com/buffalo-chickpea-salad/,0
One-Pot Spaghetti Puttanesca,https://www.skinnytaste.com/wp-content/uploads/2021/02/One-Pot-Puttanesca-7-260x390.jpg,293.0,9.0,48.0,7.0,"One-Pot Spaghetti Puttanesca is full of big, bold flavors from the anchovies, Kalamata olives, and capers – the trifecta for a winning puttanesca. One-Pot Spaghetti Puttanesca This One-Pot Spaghetti...","Dairy Free,Kid Friendly,Under 30 Minutes",0,0,0,0,0,0,0,0,0,0,1,0,1,1,italian,http://www.skinnytaste.com/one-pot-spaghetti-puttanesca/,0
Cottage Cheese Egg and Sausage Frittata,https://www.skinnytaste.com/wp-content/uploads/2021/02/Egg-Cottage-Cheese-Sausage-Frittata-7-260x390.jpg,233.0,21.5,2.0,15.0,"This protein-packed Cottage Cheese Egg Bake with spinach and chicken sausage is filling and delicious. Enjoy for breakfast, lunch, or dinner with a salad and some crusty bread. Cottage...","Gluten Free,Low Carb,Meal Prep Recipes",0,0,0,0,1,1,1,0,0,0,0,0,0,0,mediterranean,http://www.skinnytaste.com/cottage-cheese-egg-and-sausage-frittata/,0
Peanut-Braised Chicken Breasts,https://www.skinnytaste.com/wp-content/uploads/2021/02/Peanut-Braised-Chicken-Breasts-4-1-260x390.jpg,365.0,45.0,14.0,15.0,"Peanut-Braised Chicken Breasts cook in an Asian-inspired gingery, slightly spicy peanut sauce served with a limey cabbage carrot salad. Peanut-Braised Chicken Breasts I am constantly looking for ways to...","Dairy Free,Gluten Free,Meal Prep Recipes",0,0,0,0,0,1,1,0,0,0,0,0,1,0,asian,http://www.skinnytaste.com/peanut-braised-chicken-breasts/,0
Instant Pot Braised Beef,https://www.skinnytaste.com/wp-content/uploads/2021/02/Instant-Pot-Braised-Beef-6-260x390.jpg,255.0,36.0,5.5,10.0,Instant Pot Braised Beef cooked with fragrant spices cooks in a fraction of the time in the pressure cooker. Perfect for everything from rice bowls and tacos to enchiladas...,"Dairy Free,Freezer Meals,Gluten Free,Keto Recipes,Kid Friendly,Low Carb,Paleo,Pressure Cooker Recipes",1,1,1,0,1,0,1,1,0,0,0,0,1,1,american,http://www.skinnytaste.com/instant-pot-braised-beef-short-ribs/,0
Baked Sweet Potato Egg Cups,https://www.skinnytaste.com/wp-content/uploads/2021/02/Baked-Sweet-Potato-Egg-Cups-7-260x390.jpg,132.0,8.0,10.0,6.5,"Baked Sweet Potato and Egg Cups are a delicious and nutritious breakfast made with grated sweet potatoes, eggs and spices baked in a muffin tin. Baked Sweet Potato Egg...","Gluten Free,Meal Prep Recipes,Vegetarian Meals",0,0,0,1,0,1,1,0,0,0,0,0,0,0,american,http://www.skinnytaste.com/baked-sweet-potato-egg-cups/,0
Air Fryer Buffalo Chicken Zucchini Skins,https://www.skinnytaste.com/wp-content/uploads/2021/02/Buffalo-Chicken-Zucchini-Skins-7-260x390.jpg,80.0,9.5,3.5,3.0,You won’t miss the carbs in these low-carb zucchini skins loaded with buffalo chicken and cheese made in the air fryer! Air Fryer Buffalo Chicken Zucchini Skins These are...,"Air Fryer,Gluten Free,Keto Recipes,Low Carb,Under 30 Minutes",0,0,1,0,1,0,1,0,0,1,1,0,0,0,american,http://www.skinnytaste.com/air-fryer-buffalo-chicken-zucchini-skins/,0
Orange Moscow Mule Mocktail,https://www.skinnytaste.com/wp-content/uploads/2021/01/Virgin-Orange-Moscow-Mules-7-260x390.jpg,104.0,1.0,27.0,,"This Orange Moscow Mule Mocktail is delicious, perfect if you want a grown up adult cocktail without the alcohol. Orange Moscow Mule Mocktail A Moscow mule is a cocktail...","Dairy Free,Gluten Free,Under 30 Minutes,Vegetarian Meals",0,0,0,1,0,0,1,0,0,0,1,0,1,0,american,http://www.skinnytaste.com/orange-moscow-mule-mocktail/,0
Shrimp Dumpling Lettuce Wraps or Rice Bowls,https://www.skinnytaste.com/wp-content/uploads/2021/02/Shrimp-Dumpling-Wraps-2-Ways_-7-260x390.jpg,201.0,25.5,9.5,6.5,This Shrimp Dumpling Lettuce Wraps or Rice Bowls recipe takes the shrimp dumpling filling and adds it into lettuce wraps or rice bowls – so good either way! Shrimp...,"Dairy Free,Gluten Free,Keto Recipes,Kid Friendly,Low Carb,Under 30 Minutes",0,0,1,0,1,0,1,0,0,0,1,0,1,1,asian,http://www.skinnytaste.com/shrimp-dumpling-lettuce-wraps-or-rice/,0
Savory Cottage Cheese Bowl,https://www.skinnytaste.com/wp-content/uploads/2021/02/Savory-Cottage-Cheese-Bowl-4-260x390.jpg,221.0,25.0,19.0,8.0,This Savory Cottage Cheese Bowl topped with veggies and pistachios is a protein-packed breakfast that will keep you full all morning. Savory Cottage Cheese Bowl I love cottage cheese...,"Gluten Free,Meal Prep Recipes,Under 30 Minutes,Vegetarian Meals",0,0,0,1,0,1,1,0,0,0,1,0,0,0,mediterranean,http://www.skinnytaste.com/savory-cottage-cheese-bowl-spicy-roasted-chickpeas/,0
Zero-Proof Jalapeño Paloma,https://www.skinnytaste.com/wp-content/uploads/2021/01/Zero-Proof-Palomas-3-260x390.jpg,66.0,0.5,17.0,,This Zero-Proof Jalapeño Paloma is the perfect grapefruit mocktail if you’re cutting back on alcohol or doing a dry challenge but want to have an adult beverage. Zero-Proof Jalapeño...,"Dairy Free,Gluten Free,Under 30 Minutes,Vegetarian Meals",0,0,0,1,0,0,1,0,0,0,1,0,1,0,american,http://www.skinnytaste.com/zero-proof-jalapeno-paloma/,0
"Baby Greens with Goat Cheese, Beets and Candied Pecans",https://www.skinnytaste.com/wp-content/uploads/2012/11/Baby-Greens-with-Goats-Cheese-Beets-and-Candied-Pecans-6-260x390.jpg,267.0,7.0,19.0,19.5,"Beets and creamy goat cheese salad with crunchy, sweet pecans with a honey balsamic vinaigrette is like a symphony in your mouth. Beets and Goat Cheese Salad I know...","Gluten Free,Under 30 Minutes,Vegetarian Meals",0,0,0,1,0,0,1,0,0,0,1,0,0,0,mediterranean,http://www.skinnytaste.com/baby-greens-goat-cheese-beets-candied-pecans/,0
Instant Pot Baked Ziti,https://www.skinnytaste.com/wp-content/uploads/2021/01/Instant-Pot-Baked-Ziti_-9-260x390.jpg,452.0,24.0,64.0,12.5,"Instant Pot Baked Ziti is an easy one pot meal made with whole wheat pasta, spinach and cheese. The perfect meatless main dish for the family on busy weeknights!...","Kid Friendly,Pressure Cooker Recipes,Under 30 Minutes,Vegetarian Meals",0,1,0,1,0,0,0,0,0,0,1,0,0,1,italian,http://www.skinnytaste.com/instant-pot-baked-ziti/,0
Shrimp and Andouille Sheet Pan Dinner,https://www.skinnytaste.com/wp-content/uploads/2021/01/Shrimp-Andouille-Sheet-Pan-Roast-13-260x390.jpg,374.0,38.0,18.0,18.0,"Shrimp and Andouille Sheet Pan Dinner with broccoli, mushrooms, bell pepper, onion, and celery seasoned with Cajun spices for a light and easy sheet pan meal. Shrimp and Andouille...","Dairy Free,Gluten Free,Keto Recipes,Kid Friendly,Low Carb",0,0,1,0,1,0,1,0,0,0,0,0,1,1,american,http://www.skinnytaste.com/shrimp-and-andouille-sheet-pan-dinner/,0
High Protein Bread (Oat Sandwich Rolls),https://www.skinnytaste.com/wp-content/uploads/2021/01/High-Protein-Oat-Rolls-11-260x390.jpg,135.5,10.5,18.0,3.0,High Protein Sandwich Bread (Oat Sandwich Rolls) made with oat flour and cottage cheese are high in fiber and easy to make with just five ingredients! High Protein Bread...,"Air Fryer,Gluten Free,Kid Friendly,Under 30 Minutes,Vegetarian Meals",0,0,0,1,0,0,1,0,0,1,1,0,0,1,american,http://www.skinnytaste.com/high-protein-bread-oat-sandwich-rolls/,0
Harissa Chicken Meatballs,https://www.skinnytaste.com/wp-content/uploads/2021/01/Harissa-Chicken-Meatballs-8-260x390.jpg,290.0,22.0,12.5,20.5,"These juicy, Harissa Chicken Meatballs are a fun twist on traditional meatballs. They’re also low- carb, grain-free, and gluten-free made with cauliflower rice instead of breadcrumbs. Harissa Chicken Meatballs...","Dairy Free,Freezer Meals,Gluten Free,Keto Recipes,Low Carb,Whole 30 Recipes",1,0,1,0,1,0,1,0,0,0,0,1,1,0,mediterranean,http://www.skinnytaste.com/harissa-chicken-meatballs/,0
House Special Fried Rice,https://www.skinnytaste.com/wp-content/uploads/2021/01/House-Special-Fried-Rice-6-260x390.jpg,432.0,35.0,40.5,14.0,"House Special Fried Rice is the BEST fried rice recipe!! The perfect one-pot dish– made with a combo of frozen brown rice and cauliflower rice and loaded with chicken,...","Dairy Free,Kid Friendly",0,0,0,0,0,0,0,0,0,0,0,0,1,1,asian,http://www.skinnytaste.com/house-special-fried-rice/,0
Quick Shrimp Pho with Vegetables,https://www.skinnytaste.com/wp-content/uploads/2021/01/Shrimp-and-Vegetable-Pho-4-260x390.jpg,233.0,30.5,19.5,2.5,"This quick Shrimp Pho with Vegetables (Vietnamese-inspired Noodle Soup) makes smart use of scraps, so you can make a shortcut stock that tastes like it spent all day simmering...","Dairy Free,Gluten Free,Kid Friendly,Under 30 Minutes",0,0,0,0,0,0,1,0,0,0,1,0,1,1,asian,http://www.skinnytaste.com/quick-shrimp-pho-with-vegetables/,0
Air Fryer Nacho Fries,https://www.skinnytaste.com/wp-content/uploads/2020/08/Air-Fryer-Nacho-Fries-9-260x390.jpg,146.0,5.0,31.5,1.0,"Air Fryer Nacho Fries seasoned with chili powder, paprika, garlic powder, salt, and Parmesan cheese are cooked to crispy perfection in the air fryer. Air Fryer Nacho Fries Whenever...","Air Fryer,Gluten Free,Kid Friendly,Under 30 Minutes,Vegetarian Meals",0,0,0,1,0,0,1,0,0,1,1,0,0,1,american,http://www.skinnytaste.com/air-fryer-nacho-fries/,0
Carne en Bistec – Colombian Steak with Onions and Tomatoes,https://www.skinnytaste.com/wp-content/uploads/2011/04/Skinnytaste-50-260x390.jpg,188.0,25.2,3.0,7.2,"Beef lovers, you’ll love this quick Colombian Carne en Bistec steak dish cooked with onions, tomatoes and cumin. The onions and tomatoes create a flavorful sauce which is wonderful...","Dairy Free,Gluten Free,Keto Recipes,Kid Friendly,Low Carb,Paleo,Under 30 Minutes,Whole 30 Recipes",0,0,1,0,1,0,1,1,0,0,1,1,1,1,american,http://www.skinnytaste.com/carne-en-bistec-colombian-steak/,0
Salmon Coconut Curry with Spinach and Chickpeas,https://www.skinnytaste.com/wp-content/uploads/2021/01/Salmon-Coconut-Curry_-7-260x390.jpg,453.0,41.0,23.5,20.0,Salmon Coconut Curry with Spinach and Chickpeas is an easy one-pot meal that cooks in under 30 minutes! Salmon Coconut Curry with Chickpeas Seared salmon skin adds an extra...,"Dairy Free,Gluten Free,Under 30 Minutes",0,0,0,0,0,0,1,0,0,0,1,0,1,0,indian,http://www.skinnytaste.com/salmon-coconut-curry-with-spinach-and-chickpeas/,0
Spinach Stuffed Chicken Breasts with Tomato and Feta,https://www.skinnytaste.com/wp-content/uploads/2021/01/Spinach-Tomato-and-Feta-Stuffed-Chicken-Breast-9-260x390.jpg,407.0,44.5,7.0,22.0,These Baked Spinach Stuffed Chicken Breasts with Sun-Dried Tomatoes and Feta Cheese are high in protein and low in carbs – a filling meal in one! Spinach Tomato Feta...,"Gluten Free,Keto Recipes,Low Carb,Under 30 Minutes",0,0,1,0,1,0,1,0,0,0,1,0,0,0,mediterranean,http://www.skinnytaste.com/spinach-stuffed-chicken-breasts-with/,0
3-Ingredient Baked Bananas,https://www.skinnytaste.com/wp-content/uploads/2009/10/Baked-Bananas-7-260x390.jpg,137.0,1.5,35.5,0.5,"Baked Bananas are the perfect, healthy dessert. They taste decadent, like bananas foster without all the butter and extra calories. Baked Bananas I love the simplicity of this Baked Bananas...","Dairy Free,Gluten Free,Kid Friendly,Paleo,Under 30 Minutes,Vegetarian Meals",0,0,0,1,0,0,1,1,0,0,1,0,1,1,dessert,http://www.skinnytaste.com/3-ingredient-baked-bananas/,0
Breakfast Egg Rolls,https://www.skinnytaste.com/wp-content/uploads/2021/01/Breakfast-Egg-Roll-5-260x390.jpg,240.0,17.5,24.5,8.0,"These Breakfast Egg Rolls, loaded with eggs, sausage, and veggies cooked in the oven or air fryer, are a fun twist on an egg sandwich. Perfect for making ahead...","Air Fryer,Dairy Free,Freezer Meals,Kid Friendly,Meal Prep Recipes,Under 30 Minutes",1,0,0,0,0,1,0,0,0,1,1,0,1,1,asian,http://www.skinnytaste.com/breakfast-egg-rolls/,0
Drunken Shrimp,https://www.skinnytaste.com/wp-content/uploads/2009/04/Drunken-Shrimp-7-260x390.jpg,175.0,22.5,2.0,10.0,"Drunken shrimp just got a makeover. Not sure if you can call this drunken since I significantly cut down the wine, but the shrimp aren’t 100% sober either. Drunken...","Gluten Free,Low Carb,Under 30 Minutes",0,0,0,0,1,0,1,0,0,0,1,0,0,0,asian,http://www.skinnytaste.com/drunken-shrimp-lettuce-cups/,0
Virgin Bloody Mary,https://www.skinnytaste.com/wp-content/uploads/2020/12/Virgin-Bloody-Mary-7-260x390.jpg,33.0,1.0,7.0,0.5,"Craving a Bloody Mary but doing a dry challenge? Make this Virgin Bloody Mary, also known as the Virgin Mary, and you won’t miss the vodka! Virgin Bloody Mary...","Dairy Free,Gluten Free,Under 30 Minutes,Vegetarian Meals",0,0,0,1,0,0,1,0,0,0,1,0,1,0,american,http://www.skinnytaste.com/spicy-virgin-bloody-mary/,0
Sauteed Collard Greens with Bacon,https://www.skinnytaste.com/wp-content/uploads/2011/01/Collard-Greens-and-Bacon-9-260x390.jpg,73.0,3.0,7.0,4.5,"Thinly sliced collard greens sautéed with bacon, garlic, and olive oil is the perfect side dish for New Year’s Day. Sauteed Collard Greens with Bacon It’s tradition to eat...","Dairy Free,Gluten Free,Keto Recipes,Low Carb,Under 30 Minutes",0,0,1,0,1,0,1,0,0,0,1,0,1,0,american,http://www.skinnytaste.com/sauteed-collard-greens-with-bacon/,0
Fudgy Flourless Crinkle Brownie Cookies with Sea Salt,https://www.skinnytaste.com/wp-content/uploads/2020/12/Fudgy-Flourless-Chocolate-Crinkle-Cookies-6-260x390.jpg,207.0,6.0,30.0,12.0,"These flourless Brownie Crinkle Cookies are rich and fudgy like a brownie but shaped like a cookie. Made lighter, grain-free and gluten-free with almond meal and they have no...","Dairy Free,Gluten Free,Kid Friendly",0,0,0,0,0,0,1,0,0,0,0,0,1,1,dessert,http://www.skinnytaste.com/fudgy-flourless-crinkle-brownie-cookies/,0
Sheet Pan Shrimp Oreganata,https://www.skinnytaste.com/wp-content/uploads/2020/12/Sheet-Pan-Shrimp-Oreganata-9-260x390.jpg,333.0,47.5,6.0,11.5,Sheet Pan Shrimp Oreganata is made with jumbo shrimp topped with a light breadcrumb and pecorino mixture baked on a sheet pan for a quick and easy dinner. Sheet...,"Dairy Free,Low Carb,Under 30 Minutes",0,0,0,0,1,0,0,0,0,0,1,0,1,0,italian,http://www.skinnytaste.com/sheet-pan-shrimp-oreganata/,0
"Roasted Delicata Squash with Burrata, Pomegranate and Pistachios",https://www.skinnytaste.com/wp-content/uploads/2020/12/Roasted-Delicata-Squash-7-260x390.jpg,165.0,5.0,14.0,11.0,"Roasted Delicata Squash with Burrata, Pomegranate and Pistachios has minimal ingredients and just one sheet pan for prep, perfect for your Holiday table or as an easy weeknight side...","Gluten Free,Under 30 Minutes,Vegetarian Meals",0,0,0,1,0,0,1,0,0,0,1,0,0,0,mediterranean,http://www.skinnytaste.com/roasted-delicata-squash-with-burrata/,0
Frenched Rack Of Lamb,https://www.skinnytaste.com/wp-content/uploads/2020/12/Frenched-Rack-of-Lamb-1-2-260x390.jpg,335.0,46.7,0.5,16.0,"Tender oven-roasted rack of lamb, seasoned with rosemary, fresh lemon juice, and garlic, is perfect for entertaining and so easy to make! Frenched Rack of Lamb I make lamb...","Dairy Free,Gluten Free,Keto Recipes,Kid Friendly,Low Carb,Paleo,Whole 30 Recipes",0,0,1,0,1,0,1,1,0,0,0,1,1,1,french,http://www.skinnytaste.com/frenched-rack-of-lamb/,0
Pizzelle Cookies,https://www.skinnytaste.com/wp-content/uploads/2020/12/Pizzelle-Cookies-6-2-260x390.jpg,91.0,2.0,14.5,3.0,"Italian Pizzelle Cookies are light and crisp, made lighter with less butter and sugar for a tasty holiday treat. Also works great with gluten-free flour! Pizzelle Cookies My mom...","Gluten Free,Kid Friendly,Under 30 Minutes",0,0,0,0,0,0,1,0,0,0,1,0,0,1,italian,http://www.skinnytaste.com/homemade-pizzelle-cookies/,0
Caramelized Onion Empanadas (Chilean pequenes),https://www.skinnytaste.com/wp-content/uploads/2020/12/Caramelized-Onion-Empanadas-9-260x390.jpg,218.0,5.0,29.0,9.5,"Chilean empanadas, also known as pequenes, are stuffed with caramelized onions and seasoned with Latin spices. They make the perfect holiday appetizer. Caramelized Onion Empanadas You guys know how...","Freezer Meals,Vegetarian Meals",1,0,0,1,0,0,0,0,0,0,0,0,0,0,american,http://www.skinnytaste.com/caramelized-onion-empanadas-chilean/,0
Yogurt Sheet Pan Pancakes with Mixed Berries,https://www.skinnytaste.com/wp-content/uploads/2020/12/Yogurt-Sheet-Pan-Pancakes-8-260x390.jpg,211.0,8.0,32.0,4.5,Yogurt Sheet Pan Pancakes with Mixed Berries are an easy breakfast or brunch for the holiday season or any time of the year. Set out all the toppings and...,"Kid Friendly,Meal Prep Recipes,Under 30 Minutes,Vegetarian Meals",0,0,0,1,0,1,0,0,0,0,1,0,0,1,american,http://www.skinnytaste.com/yogurt-sheet-pan-pancakes-with-mixed/#tasty-recipes,0
Angel Hair with Shrimp and Asparagus,https://www.skinnytaste.com/wp-content/uploads/2020/12/Angel-Hair-with-Shrimp-and-Asparagus-6-260x390.jpg,378.0,32.0,52.1,6.8,Angel Hair with Shrimp and Asparagus is a quick and easy pasta dish made with fresh tomatoes and asparagus in a light tomato broth. Angel Hair with Shrimp and...,Kid Friendly,0,0,0,0,0,0,0,0,0,0,0,0,0,1,mediterranean,http://www.skinnytaste.com/angel-hair-with-shrimp-and-asparagus/,0
Lemon Cranberry Scones,https://www.skinnytaste.com/wp-content/uploads/2011/03/Lemon-Cranberry-Scones-12-260x390.jpg,193.0,4.3,34.0,4.7,These Lemon Cranberry Scones studded with dried cranberries are topped with a lemon glaze; a perfect Sunday morning treat. Lemon Cranberry Scones Freshly baked scones and a hot cup...,,0,0,0,0,0,0,0,0,0,0,0,0,0,0,dessert,http://www.skinnytaste.com/lemon-cranberry-scones/,0
Dark Chocolate Peanut Butter Bark,https://www.skinnytaste.com/wp-content/uploads/2020/12/DARK-CHOCOLATE-PEANUT-BUTTER-BARK-Finals-10-260x390.jpg,144.0,3.0,17.0,12.0,"Dark Chocolate Peanut Butter Bark with Sea Salt is so easy to make, just 3 ingredients! It makes a great homemade holiday gift! Dark Chocolate Peanut Butter Bark If...","Kid Friendly,Vegetarian Meals",0,0,0,1,0,0,0,0,0,0,0,0,0,1,american,http://www.skinnytaste.com/dark-chocolate-peanut-butter-bark/,0
Roasted Radishes with Onions,https://www.skinnytaste.com/wp-content/uploads/2020/12/Roasted-Radishes-and-Onions-7-260x390.jpg,69.0,1.5,11.0,2.5,"If you don’t love raw radishes, this 5-ingredient recipe for Roasted Radishes and Onions recipe will definitely change your mind! Roasted Radishes This roasted radishes recipe couldn’t be simpler....","Dairy Free,Gluten Free,Keto Recipes,Low Carb,Vegetarian Meals,Whole 30 Recipes",0,0,1,1,1,0,1,0,0,0,0,1,1,0,italian,http://www.skinnytaste.com/roasted-radishes-onions-and-thyme/,0
Lentil Soup with Butternut and Kale,https://www.skinnytaste.com/wp-content/uploads/2020/11/Lentil-Soup-with-Butternut-and-Kale-4-260x390.jpg,122.0,4.0,25.0,1.5,"Lentil Soup with Butternut and Kale is comforting and nutrient-dense, thanks to the butternut squash, lentils, kale, and leeks. Lentil Soup with Butternut and Kale This vegetarian butternut squash...","Dairy Free,Freezer Meals,Gluten Free,Vegetarian Meals",1,0,0,1,0,0,1,0,0,0,0,0,1,0,indian,http://www.skinnytaste.com/2010/10/lentil-soup-with-butternut-squash-andhtml,0
Chicken Brown Rice Bowl (copycat Zinque’s Le Bowl),https://www.skinnytaste.com/wp-content/uploads/2020/11/Zinque_s-Le-Bowl-edit-6-260x390.jpg,455.0,48.0,33.0,15.0,"This delicious, Chicken Brown Rice Bowl is an easy one-bowl meal with chicken breast, arugula, avocado, tomatoes, Gruyere with a sriracha yogurt sauce. Chicken Brown Rice Bowl (Zinque’s Le...","Gluten Free,Under 30 Minutes",0,0,0,0,0,0,1,0,0,0,1,0,0,0,asian,http://www.skinnytaste.com/chicken-brown-rice-bowl-copycat-zinques-le/,0
Chicken Sausage and Herb Stuffing,https://www.skinnytaste.com/wp-content/uploads/2011/11/Chicken-Sausage-and-Herb-Stuffing-260x390.jpg,166.0,9.0,19.0,6.5,"Chicken Sausage and Herb Stuffing – this is the best Thanksgiving stuffing recipe! Chicken Sausage and Herb Stuffing I don’t know about you, but for me the ONE thing...","Freezer Meals,Kid Friendly",1,0,0,0,0,0,0,0,0,0,0,0,0,1,american,http://www.skinnytaste.com/sausage-and-herb-stuffing/,0
Apple Cranberry Crumble,https://www.skinnytaste.com/wp-content/uploads/2011/12/Apple-Cranberry-Crumble_-5-260x390.jpg,211.0,2.0,44.5,5.5,"Apple Cranberry Crumble is delicious and perfect for your Holiday table! Easier and lighter than making a pie, topped with oats, nuts and a touch of brown sugar. Apple...","Dairy Free,Gluten Free,Kid Friendly,Vegetarian Meals",0,0,0,1,0,0,1,0,0,0,0,0,1,1,dessert,http://www.skinnytaste.com/apple-cranberry-crumble/,0
Stuffed Turkey Breast with Cranberry Stuffing,https://www.skinnytaste.com/wp-content/uploads/2020/10/Stuffed-Turkey-Breast-with-Cranberry-Stuffing-11-260x390.jpg,484.0,68.5,19.0,12.5,Stuffed Turkey Breast with Cranberry Stuffing and gravy – the perfect Thanksgiving meal for this year’s holiday. Stuffed Turkey Breast with Cranberry Stuffing This Stuffed Turkey Breast with Cranberry...,Kid Friendly,0,0,0,0,0,0,0,0,0,0,0,0,0,1,american,http://www.skinnytaste.com/stuffed-turkey-breast-cranberry-stuffing/,0
Slow Cooker Butternut Pear Soup,https://www.skinnytaste.com/wp-content/uploads/2020/11/Slow-Cooker-Butternut-Pear-5-260x390.jpg,132.0,3.0,25.5,3.0,This Slow Cooker Butternut Pear Soup with a hint of ginger is vegan and dairy-free and so simple to make. Great as a starter or serve it as a...,"Dairy Free,Freezer Meals,Gluten Free,Slow Cooker Recipes,Vegetarian Meals",1,0,0,1,0,0,1,0,1,0,0,0,1,0,french,http://www.skinnytaste.com/crock-pot-butternut-pear-soup/,0
Chicken Parmesan Rolls,https://www.skinnytaste.com/wp-content/uploads/2020/11/Chicken-Parm-Rolls-9-260x390.jpg,259.0,27.5,28.0,4.5,"These protein packed Chicken Parmesan Rolls (also know as chicken rolls) are wrapped in my easy pizza dough with marinara and mozzarella cheese, so good! Chicken Parmesan Rolls Here...","Kid Friendly,Meal Prep Recipes,Under 30 Minutes",0,0,0,0,0,1,0,0,0,0,1,0,0,1,italian,http://www.skinnytaste.com/chicken-parmesan-rolls/,0
Turkey Pot Pie with Stuffing Crust,https://www.skinnytaste.com/wp-content/uploads/2019/11/Turkey-Pot-Pie-with-Stuffing-Crust-7-260x390.jpg,390.0,49.5,29.5,7.5,"Turkey Pot Pie with Stuffing Crust is a fun twist on a turkey pot pie, made with diced turkey and veggies simmered in a creamy sauce and finished with a...",,0,0,0,0,0,0,0,0,0,0,0,0,0,0,american,http://www.skinnytaste.com/turkey-pot-pie-with-stuffing-crust/,0
Lightened Up Green Bean Casserole,https://www.skinnytaste.com/wp-content/uploads/2012/11/Lightened-Up-Green-Bean-Casserole-6-260x390.jpg,160.0,7.0,22.0,6.0,"This holiday season enjoy a lighter, healthier version of the classic green bean casserole recipe made from scratch with no canned soup. Green Bean Casserole You will love this...","Kid Friendly,Vegetarian Meals",0,0,0,1,0,0,0,0,0,0,0,0,0,1,american,http://www.skinnytaste.com/lightened-up-green-bean-casserole/,0
Smashed Sweet Potatoes,https://www.skinnytaste.com/wp-content/uploads/2020/11/Savory-Smashed-Sweet-Potatoes-7-260x390.jpg,206.0,4.0,29.0,8.5,"Smashed Sweet Potatoes, seasoned with thyme are smashed after roasting and then sprinkled with Parmesan for a savory-sweet side dish. Smashed Sweet Potatoes These Savory Smashed Sweet Potatoes are...","Gluten Free,Kid Friendly,Vegetarian Meals",0,0,0,1,0,0,1,0,0,0,0,0,0,1,italian,http://www.skinnytaste.com/smashed-sweet-potatoes-with-goat-cheese/,0
Pumpkin Pistachio Energy Balls,https://www.skinnytaste.com/wp-content/uploads/2020/11/Pumpkin-Pistachio-Energy-Balls-5-260x390.jpg,138.0,3.0,24.0,5.0,"These no-bake Pumpkin Pistachio Energy Balls literally taste like little bites of pumpkin pie. Made with cashews, pistachios, dates, pumpkin and spices. Pumpkin Pistachio Energy Balls You can whip...","Dairy Free,Kid Friendly,Under 30 Minutes,Vegetarian Meals",0,0,0,1,0,0,0,0,0,0,1,0,1,1,dessert,http://www.skinnytaste.com/pumpkin-pistachio-energy-balls/,0
Crustless Sausage and Spinach Quiche,https://www.skinnytaste.com/wp-content/uploads/2020/11/Sausage-and-Spinach-Quiche-6-260x390.jpg,233.0,21.5,6.5,14.0,"This Crustless Sausage and Spinach Quiche with Italian chicken sausage, spinach and cheese is an easy and healthy recipe for breakfast, brunch, or dinner. Crustless Sausage and Spinach Quiche...","Gluten Free,Keto Recipes,Kid Friendly,Low Carb,Meal Prep Recipes",0,0,1,0,1,1,1,0,0,0,0,0,0,1,italian,http://www.skinnytaste.com/crustless-sausage-spinach-quiche/,0
Meatloaf and Brown Gravy,https://www.skinnytaste.com/wp-content/uploads/2020/10/Meatloaf-and-Gravy-8-260x390.jpg,278.0,26.5,12.0,13.5,"This Meatloaf and Brown Gravy is a family favorite, this one is made a bit healthier than most, with a mix of half beef and ground turkey plus nutritious...",Kid Friendly,0,0,0,0,0,0,0,0,0,0,0,0,0,1,american,http://www.skinnytaste.com/meatloaf-with-brown-gravy/,0
Air Fryer Herbed Buttermilk Roast Chicken Breast,https://www.skinnytaste.com/wp-content/uploads/2020/10/Air-Fryer-Herbed-Buttermilk-Roast-Chicken-Breast-9-260x390.jpg,243.0,34.5,2.0,9.5,"Air fryer bone-in, skin-on chicken breast brined in buttermilk and seasoned with a mix of herbs and spices makes for perfectly juicy chicken. Air Fryer Herbed Buttermilk Chicken Breast...","Air Fryer,Gluten Free,Keto Recipes,Kid Friendly,Low Carb",0,0,1,0,1,0,1,0,0,1,0,0,0,1,american,http://www.skinnytaste.com/air-fryer-herbed-buttermilk-roast-chicken-breast/,0
Vegetarian Mushroom Kale Lasagna Rolls,https://www.skinnytaste.com/wp-content/uploads/2012/11/Mushroom-Kale-Lasagna-Rolls-11-260x390.jpg,258.0,11.5,30.5,8.4,"Mushroom Kale Lasagna Rolls are one of the tastiest ways to enjoy kale! They are quick, easy and perfectly portioned. Mushroom Kale Lasagna Rolls These rolls are a deliciously...","Freezer Meals,Kid Friendly,Vegetarian Meals",1,0,0,1,0,0,0,0,0,0,0,0,0,1,italian,http://www.skinnytaste.com/vegetarian-mushroom-kale-lasagna-rolls/,0
Pizza Sausage Rolls,https://www.skinnytaste.com/wp-content/uploads/2020/10/Pizza-Sausage-Rolls-12-260x390.jpg,302.0,22.0,30.0,10.0,"Pizza Sausage Rolls wrapped in bagel dough with Italian chicken sausage, marinara and mozzarella make a fun recipe your whole family will love. Pizza Sausage Rolls I’m excited to...","Gluten Free,Kid Friendly",0,0,0,0,0,0,1,0,0,0,0,0,0,1,italian,http://www.skinnytaste.com/pizza-sausage-rolls/,0
Slow Cooker Chicken Enchilada Stuffed Sweet Potatoes,https://www.skinnytaste.com/wp-content/uploads/2020/10/Enchilada-Chicken-Stuffed-Sweet-Potatoes-2-4-260x390.jpg,413.0,34.0,47.0,10.0,"These Slow Cooker Chicken Enchilada Stuffed Sweet Potatoes made with chicken breast, cheese and enchiladas sauce are an easy one-pot meal! Slow Cooker Chicken Enchilada Sweet Potatoes If you’re...","Gluten Free,Meal Prep Recipes,Slow Cooker Recipes",0,0,0,0,0,1,1,0,1,0,0,0,0,0,american,http://www.skinnytaste.com/slow-cooker-chicken-enchilada-stuffed-sweet/,0
Roasted Honeynut Squash with Maple and Pecans,https://www.skinnytaste.com/wp-content/uploads/2020/10/Roasted-Maple-Pecan-Honeynut-8-260x390.jpg,205.0,3.5,41.0,6.0,Roasted Roasted Honeynut Squash with Maple and Pecans is the perfect fall side dish! Sweeter and smaller than butternut and so much quicker to make. Roasted Honeynut Squash I’m...,"Gluten Free,Kid Friendly,Vegetarian Meals",0,0,0,1,0,0,1,0,0,0,0,0,0,1,american,http://www.skinnytaste.com/roasted-honeynut-squash-with-maple-and-pecan/,0
Pastrami Reuben Egg Rolls,https://www.skinnytaste.com/wp-content/uploads/2020/10/Pastrami-Reuban-Eggrolls-7-260x390.jpg,360.0,23.0,44.0,9.5,"Golden, crisp Pastrami Reuben Egg Rolls with Russian Dressing, made healthier by cooking in the air fryer or baking in the oven, taste so good! Reuben Egg Rolls A...",Air Fryer,0,0,0,0,0,0,0,0,0,1,0,0,0,0,american,http://www.skinnytaste.com/pastrami-reuben-egg-rolls/,0
Detox Vegetable Soup,https://www.skinnytaste.com/wp-content/uploads/2020/10/detox-vegetable-soup-5-260x390.jpg,293.0,15.0,34.0,12.5,"This dairy-free, creamy Detox Vegetable Soup is not only easy to make, it’s also LOADED with nutrient-rich goodness! Detox Vegetable Soup It’s made with two heads of broccoli, lentils,...","Dairy Free,Gluten Free,Kid Friendly,Vegetarian Meals",0,0,0,1,0,0,1,0,0,0,0,0,1,1,mediterranean,http://www.skinnytaste.com/detox-vegetable-soup/,0
Pumpkin Pie Dip,https://www.skinnytaste.com/wp-content/uploads/2015/11/Pumpkin-Pie-Dip-5-260x390.jpg,105.0,2.0,21.0,4.0,"Pumpkin Pie Dip is everything you love about pumpkin pie, made into a easy, light and fluffy no bake dip. Perfect for dipping apple wedges, graham crackers or gingersnaps....","Gluten Free,Kid Friendly,Under 30 Minutes,Vegetarian Meals",0,0,0,1,0,0,1,0,0,0,1,0,0,1,dessert,http://www.skinnytaste.com/pumpkin-pie-dip/,0
Broccoli and Cheese Twice Baked Potatoes,https://www.skinnytaste.com/wp-content/uploads/2013/01/Twice-Baked-Potatoes-with-Broccoli-and-Cheese-2-260x367.jpg,146.5,8.0,23.0,3.5,"These twice baked potatoes are so cheesy, stuffed with broccoli and cheese plus some hidden cauliflower, but trust me no one will know! Twice Baked Potatoes Loaded baked potatoes...","Gluten Free,Kid Friendly,Under 30 Minutes,Vegetarian Meals",0,0,0,1,0,0,1,0,0,0,1,0,0,1,american,http://www.skinnytaste.com/broccoli-and-cheese-twice-baked-potatoes/,0
Skinny Pumpkin Snickerdoodles,https://www.skinnytaste.com/wp-content/uploads/2013/09/Skinny-Pumpkin-Spiced-Snickerdoodles-6-260x390.jpg,51.0,1.0,9.5,1.0,"These Skinny Pumpkin Snickerdoodle cookies should really come with a warning label, because they are so good and hard to stop at just one! Pumpkin Snickerdoodles A snickerdoodle is...",Kid Friendly,0,0,0,0,0,0,0,0,0,0,0,0,0,1,dessert,http://www.skinnytaste.com/skinny-pumpkin-snickerdoodles/,0
Sweet and Spicy Glazed Salmon,https://www.skinnytaste.com/wp-content/uploads/2020/10/Sweet-and-Spicy-Sheet-Pan-Salmon-6-260x390.jpg,202.0,22.5,6.5,7.0,"Sweet and Spicy Glazed Salmon is super easy, baked on a sheet pan with a simple glaze made with sweet red chili sauce, sriracha, and ginger. Sweet and Spicy...","Air Fryer,Dairy Free,Gluten Free,Low Carb,Under 30 Minutes",0,0,0,0,1,0,1,0,0,1,1,0,1,0,asian,http://www.skinnytaste.com/sweet-and-spicy-glazed-salmon/,0
Mushroom Stroganoff,https://www.skinnytaste.com/wp-content/uploads/2012/09/Mushroom-Stroganoff-3-260x390.jpg,268.0,12.5,52.5,3.5,"This healthy mushroom stroganoff made with shiitake, baby portabella, and cremini mushrooms and noodles in a light creamy sauce is a quick and easy meal, perfect for Meatless Mondays!...","Kid Friendly,Under 30 Minutes,Vegetarian Meals",0,0,0,1,0,0,0,0,0,0,1,0,0,1,mediterranean,http://www.skinnytaste.com/mushroom-stroganoff/,0
Chicken Taco Poblano Rice Bowls,https://www.skinnytaste.com/wp-content/uploads/2020/09/Chicken-Taco-Poblano-Rice-Bowls-6-260x390.jpg,475.0,40.5,52.0,12.0,"These quick and easy Chicken Taco Poblano Rice Bowls are perfect for dinner or to make ahead for meal prep! Made in a skillet, with diced chicken breast, poblano...","Gluten Free,Kid Friendly,Meal Prep Recipes,Under 30 Minutes",0,0,0,0,0,1,1,0,0,0,1,0,0,1,mediterranean,http://www.skinnytaste.com/chicken-taco-poblano-rice-bowls/,0
Lemon Blueberry Buttermilk Sheet Pan Pancakes,https://www.skinnytaste.com/wp-content/uploads/2020/09/Lemon-Blueberry-Buttermilk-Sheet-Pancakes-2-260x390.jpg,214.0,7.0,35.0,5.0,Sheet Pan Pancakes – essentially a giant pancake baked in the oven – is the most genius way of making pancakes! Lemon Blueberry Sheet Pan Pancakes This breakfast recipe...,"Kid Friendly,Meal Prep Recipes,Under 30 Minutes,Vegetarian Meals",0,0,0,1,0,1,0,0,0,0,1,0,0,1,american,http://www.skinnytaste.com/lemon-blueberry-buttermilk-sheet-pan/,0
Citrus Immunity Shot,https://www.skinnytaste.com/wp-content/uploads/2020/09/Citrus-Immunity-Booster-6-260x390.jpg,25.0,0.5,6.0,,"This super-simple-to-prepare, Citrus Immunity Shot recipe is made with immune-boosting citrus, turmeric, and garlic, a delicious way to start your day! Citrus Immunity Shot This wellness shot recipe nourishes,...","Dairy Free,Gluten Free,Paleo,Under 30 Minutes,Vegetarian Meals,Whole 30 Recipes",0,0,0,1,0,0,1,1,0,0,1,1,1,0,mediterranean,http://www.skinnytaste.com/citrus-immunity-shot/,0
Turkey Meatball Tortellini Soup with Spinach,https://www.skinnytaste.com/wp-content/uploads/2014/02/Turkey-Meatball-Spinach-Tortellini-Soup-10-260x390.jpg,271.0,20.0,26.0,9.0,"This turkey meatball tortellini soup with spinach is an easy, kid-friendly soup and a great way to warm up on a cold winter night. One large bowl is under...",Kid Friendly,0,0,0,0,0,0,0,0,0,0,0,0,0,1,italian,http://www.skinnytaste.com/turkey-meatball-tortellini-soup-with-spinach/,0
Roasted Seasoned Winter Squash Medley,https://www.skinnytaste.com/wp-content/uploads/2015/10/RoastedWinterSquashMedley-260x390.jpg,140.0,2.0,21.0,6.5,"Roasted Seasoned Winter Squash Medley is seasoned with a savory, sweet, spicy and smoky seasoning blend. SO good and a huge hit with my husband! Roasted Seasoned Winter Squash...","Dairy Free,Gluten Free,Vegetarian Meals,Whole 30 Recipes",0,0,0,1,0,0,1,0,0,0,0,1,1,0,indian,http://www.skinnytaste.com/roasted-seasoned-winter-squash/,0
Spicy Pork Brussels Bowls,https://www.skinnytaste.com/wp-content/uploads/2020/09/Spicy-Pork-Brussels-Bowl_-3-260x390.jpg,280.5,35.0,15.5,10.0,"Spicy Pork Brussels Bowls are a delicious low-carb meal, made with shredded brussels sprouts as the base, smoky ground pork, and an egg on top! Spicy Pork Brussels Bowls...","Dairy Free,Freezer Meals,Gluten Free,Keto Recipes,Low Carb,Meal Prep Recipes,Under 30 Minutes,Whole 30 Recipes",1,0,1,0,1,1,1,0,0,0,1,1,1,0,asian,http://www.skinnytaste.com/spicy-pork-brussels-bowls/,0
Portobello Burger with Mozzarella and Pesto Mayo,https://www.skinnytaste.com/wp-content/uploads/2020/09/Portobello-Mushroom-Burger-6-260x390.jpg,229.0,11.5,29.0,9.5,"These grilled Portobello Mushroom Burgers topped with mozzarella, red peppers, and pesto mayo, are delicious and an excellent vegetarian burger option. Portobello Burger with Mozzarella Who doesn’t love a...","Kid Friendly,Vegetarian Meals",0,0,0,1,0,0,0,0,0,0,0,0,0,1,italian,http://www.skinnytaste.com/portobello-burger-with-mozzarella-and/,0
Dominican Beans (Habichuelas Guisadas),https://www.skinnytaste.com/wp-content/uploads/2020/09/Dominican-Beans-10-260x390.jpg,158.0,8.5,25.5,2.5,"These creamy Dominican beans, flavored with garlic, onion, cubanelle pepper, and adobo seasoning, cooked in the Instant Pot or pressure cooker, make the perfect vegetarian side or meatless main...","Dairy Free,Freezer Meals,Gluten Free,Kid Friendly,Pressure Cooker Recipes,Vegetarian Meals",1,1,0,1,0,0,1,0,0,0,0,0,1,1,american,http://www.skinnytaste.com/dominican-style-beans-habichuelas-guisadas/,0
Sautéed Zucchini with Plum Tomatoes,https://www.skinnytaste.com/wp-content/uploads/2009/08/Sautéed-Zucchini-and-Plum-Tomatoes-6-260x390.jpg,92.0,1.0,7.0,7.0,Sautéed Zucchini with Plum Tomatoes is a quick and delicious summer side dish made with simple ingredients. Sautéed Zucchini with Plum Tomatoes This simple side dish recipe is a...,"Gluten Free,Keto Recipes,Kid Friendly,Low Carb,Under 30 Minutes,Vegetarian Meals,Whole 30 Recipes",0,0,1,1,1,0,1,0,0,0,1,1,0,1,italian,http://www.skinnytaste.com/sauteed-zucchini-with-plum-tomatoes,0
Caprese Chicken Skillet,https://www.skinnytaste.com/wp-content/uploads/2020/08/Caprese-Chicken-Skillet-4-260x390.jpg,419.0,47.5,21.0,16.5,"This caprese chicken skillet is topped with a honey balsamic reduction and fresh basil, the perfect way to use fresh summer tomatoes. Caprese Chicken Skillet The classic Italian combination...","Gluten Free,Kid Friendly,Low Carb",0,0,0,0,1,0,1,0,0,0,0,0,0,1,italian,http://www.skinnytaste.com/caprese-chicken-skillet/,0
Blueberry Peach Crisp,https://www.skinnytaste.com/wp-content/uploads/2009/08/Blueberry-Peach-Crisp-7-260x390.jpg,203.0,2.0,35.5,7.0,"This Blueberry Peach Crisp is a wonderful summer dessert loaded with fruit, and a lightly sweetened crisp oat topping. Blueberry Peach Crisp I’m a sucker for pies, crisps and...","Dairy Free,Gluten Free,Kid Friendly,Vegetarian Meals",0,0,0,1,0,0,1,0,0,0,0,0,1,1,dessert,http://www.skinnytaste.com/blueberry-peach-crisp/,0
Whipped Ricotta Toast with Roasted Tomatoes,https://www.skinnytaste.com/wp-content/uploads/2020/08/Whipped-Ricotta-Toast-10-260x390.jpg,256.0,12.0,35.0,7.5,"Whipped Ricotta Toast with Roasted Tomatoes on crusty bread and topped with garlicky tomatoes, shallots, and basil is the perfect way to enjoy fresh summer tomatoes. Whipped Ricotta Toast...",Vegetarian Meals,0,0,0,1,0,0,0,0,0,0,0,0,0,0,italian,http://www.skinnytaste.com/whipped-ricotta-toast-with-roasted-tomatoes/,0
Skillet Mexican Zucchini,https://www.skinnytaste.com/wp-content/uploads/2013/08/Mexican-Skillet-Zucchini-260x390.jpg,102.0,5.0,8.0,6.0,"Skillet Mexican Zucchini is incredibly delicious with a little bit of a kick from the jalapeño topped with melted queso blanco. So easy and quick, a must try! Mexican...","Gluten Free,Keto Recipes,Low Carb,Under 30 Minutes,Vegetarian Meals",0,0,1,1,1,0,1,0,0,0,1,0,0,0,american,http://www.skinnytaste.com/skillet-mexican-zucchini/,0
Raspberry Yogurt Ice Pops,https://www.skinnytaste.com/wp-content/uploads/2020/08/Raspberry-Yogurt-Pops-10-260x390.jpg,71.0,2.5,11.0,2.5,"These easy, healthy Raspberry Yogurt Ice Pops, made with just three ingredients, are a wonderful treat on a hot summer day. Raspberry Yogurt Ice Pops These 3-ingredient Raspberry Yogurt...","Gluten Free,Kid Friendly,Vegetarian Meals",0,0,0,1,0,0,1,0,0,0,0,0,0,1,dessert,http://www.skinnytaste.com/raspberry-yogurt-ice-pops/,0
Cauliflower Gnocchi,https://www.skinnytaste.com/wp-content/uploads/2020/08/Cauliflower-Gnocchi-11-260x390.jpg,228.0,12.0,42.6,2.0,This delicious Cauliflower Gnocchi is made with cauliflower instead of traditional potatoes. No need for a Trader Joe’s run – make them from scratch with just three ingredients! Cauliflower...,"Dairy Free,Gluten Free,Kid Friendly,Vegetarian Meals",0,0,0,1,0,0,1,0,0,0,0,0,1,1,italian,http://www.skinnytaste.com/cauliflower-gnocchi-with-spinach-sundried/,0
